94, 84, 84, 84, 82, 78, 77, 72, 74, 75, 67, 63, 56, 49, 50, 49, 47, 47, 47, 48, 43, 40, 41, 38, 37, 40, 42, 43, 41, 40, 45, 45, 44, 43, 45, 47, 46, 43, 47, 49, 54, 55, 56, 53, 52, 50, 52, 53, 55, 54, 47, 45, 48, 44, 42, 60, 93, 101, 99, 93, 85, 73, 68, 61, 54, 49, 43, 42, 43, 42, 42, 41, 62, 100, 123, 143, 162, 171, 148, 151, 148, 109, 88, 84, 84, 87, 85, 83, 78, 78, 73, 66, 60, 58, 54, 50, 51, 54, 53, 47, 64, 96, 125, 161, 137, 138, 143, 149, 146, 120, 104, 100, 95, 96, 90, 86, 84, 84, 84, 92, 
101, 87, 66, 67, 73, 69, 66, 66, 68, 67, 65, 62, 60, 60, 61, 61, 62, 60, 61, 61, 59, 54, 52, 44, 41, 39, 38, 42, 37, 41, 48, 49, 49, 44, 43, 48, 48, 51, 59, 62, 62, 64, 65, 61, 61, 61, 62, 60, 62, 60, 53, 49, 49, 48, 41, 63, 91, 102, 102, 92, 81, 72, 63, 58, 53, 47, 44, 43, 38, 39, 42, 54, 95, 114, 115, 118, 117, 119, 127, 102, 97, 78, 74, 78, 79, 85, 90, 94, 100, 106, 105, 104, 94, 86, 88, 90, 86, 77, 68, 67, 75, 72, 64, 120, 167, 144, 147, 157, 160, 132, 108, 102, 97, 94, 94, 91, 86, 87, 84, 94, 
106, 88, 75, 66, 76, 72, 68, 77, 92, 91, 83, 78, 62, 53, 54, 53, 56, 57, 59, 59, 64, 67, 64, 56, 51, 48, 46, 49, 48, 53, 59, 68, 71, 66, 63, 64, 63, 65, 66, 68, 69, 64, 64, 60, 57, 56, 54, 52, 54, 52, 50, 46, 43, 44, 39, 66, 94, 105, 100, 90, 82, 66, 63, 61, 54, 49, 47, 43, 39, 44, 59, 75, 114, 146, 151, 115, 106, 98, 84, 66, 59, 55, 56, 65, 63, 67, 69, 71, 70, 74, 78, 81, 81, 84, 93, 100, 97, 90, 84, 84, 78, 66, 81, 104, 143, 152, 148, 153, 160, 145, 118, 108, 102, 93, 88, 91, 92, 90, 87, 98, 
82, 62, 81, 65, 63, 69, 70, 78, 90, 101, 101, 106, 72, 48, 50, 48, 48, 47, 47, 45, 48, 50, 48, 46, 47, 46, 48, 49, 52, 50, 53, 60, 59, 58, 56, 52, 48, 45, 45, 50, 53, 54, 61, 57, 44, 43, 47, 51, 53, 50, 48, 47, 48, 47, 44, 69, 90, 96, 90, 83, 74, 70, 66, 61, 52, 47, 42, 37, 44, 60, 66, 102, 161, 157, 96, 70, 80, 94, 80, 65, 56, 54, 53, 54, 50, 49, 54, 55, 54, 57, 61, 60, 65, 67, 71, 72, 70, 70, 67, 63, 62, 66, 92, 110, 102, 125, 154, 149, 161, 155, 125, 116, 102, 93, 90, 88, 89, 94, 91, 99, 
49, 48, 68, 79, 61, 64, 70, 67, 71, 78, 79, 84, 63, 52, 52, 49, 49, 45, 46, 46, 45, 47, 50, 45, 43, 42, 42, 38, 42, 44, 46, 48, 46, 54, 55, 44, 37, 39, 53, 64, 66, 59, 56, 52, 47, 46, 48, 49, 50, 49, 50, 51, 51, 49, 49, 68, 90, 94, 86, 82, 72, 68, 65, 57, 49, 44, 40, 46, 54, 50, 51, 74, 123, 99, 66, 67, 68, 65, 65, 63, 59, 56, 52, 52, 49, 43, 44, 47, 49, 50, 53, 51, 51, 54, 55, 55, 58, 61, 64, 66, 55, 54, 71, 97, 101, 102, 141, 152, 162, 155, 130, 116, 106, 96, 94, 90, 89, 95, 91, 100, 
47, 50, 54, 77, 82, 60, 65, 64, 59, 60, 65, 67, 61, 66, 66, 63, 58, 58, 55, 54, 47, 43, 48, 48, 45, 43, 39, 37, 43, 46, 48, 46, 47, 54, 54, 40, 37, 48, 64, 67, 61, 54, 49, 48, 47, 48, 49, 49, 49, 51, 51, 51, 54, 53, 51, 66, 96, 96, 90, 80, 69, 65, 60, 54, 46, 43, 49, 54, 49, 42, 41, 43, 44, 45, 49, 54, 60, 58, 55, 55, 56, 54, 54, 53, 51, 47, 44, 46, 51, 51, 51, 49, 48, 46, 46, 45, 51, 66, 66, 54, 46, 53, 65, 88, 84, 59, 97, 150, 156, 155, 135, 120, 114, 100, 93, 92, 90, 90, 96, 110, 
51, 54, 50, 55, 90, 80, 63, 60, 62, 71, 72, 70, 69, 68, 66, 60, 56, 60, 62, 64, 62, 53, 46, 48, 46, 45, 43, 44, 47, 48, 48, 47, 49, 54, 49, 39, 42, 48, 49, 47, 45, 47, 46, 49, 50, 48, 49, 49, 49, 53, 52, 50, 53, 53, 52, 63, 90, 95, 96, 84, 69, 65, 59, 48, 43, 50, 54, 45, 45, 43, 41, 42, 39, 39, 42, 42, 42, 43, 44, 47, 54, 60, 62, 59, 54, 57, 56, 51, 47, 49, 52, 50, 48, 43, 43, 49, 64, 62, 49, 48, 54, 57, 57, 54, 47, 41, 57, 126, 154, 160, 137, 114, 113, 104, 91, 90, 89, 86, 90, 101, 
57, 53, 51, 49, 62, 96, 78, 76, 83, 80, 75, 72, 72, 72, 67, 59, 56, 60, 58, 62, 60, 61, 60, 58, 49, 45, 45, 51, 55, 48, 49, 47, 51, 52, 47, 42, 45, 45, 44, 47, 44, 45, 47, 49, 49, 49, 48, 48, 50, 53, 52, 51, 49, 52, 52, 59, 90, 96, 99, 86, 72, 65, 53, 45, 49, 58, 57, 52, 49, 41, 40, 43, 42, 42, 43, 43, 41, 39, 37, 40, 46, 55, 62, 63, 67, 64, 53, 47, 45, 48, 48, 47, 45, 43, 54, 70, 63, 46, 44, 55, 60, 53, 44, 43, 45, 43, 43, 81, 148, 162, 142, 113, 107, 102, 93, 90, 90, 87, 86, 92, 
61, 55, 53, 50, 49, 66, 82, 90, 90, 85, 84, 80, 72, 72, 68, 63, 64, 63, 68, 63, 54, 54, 57, 66, 63, 49, 48, 51, 59, 50, 50, 49, 52, 50, 46, 45, 45, 45, 45, 45, 46, 48, 47, 49, 47, 47, 47, 47, 47, 49, 49, 51, 51, 52, 52, 54, 96, 100, 99, 88, 72, 62, 49, 49, 54, 52, 56, 73, 62, 43, 42, 42, 41, 43, 42, 43, 42, 41, 40, 42, 43, 48, 56, 66, 72, 59, 42, 41, 44, 48, 47, 45, 46, 57, 69, 63, 49, 43, 45, 58, 54, 46, 43, 43, 43, 43, 41, 52, 130, 161, 145, 117, 108, 99, 96, 91, 87, 84, 81, 91, 
63, 53, 50, 48, 49, 54, 66, 76, 78, 81, 80, 78, 71, 67, 66, 70, 67, 63, 61, 56, 56, 58, 56, 59, 70, 60, 47, 47, 57, 58, 53, 50, 49, 46, 46, 47, 47, 48, 49, 47, 47, 48, 46, 46, 49, 47, 48, 48, 49, 49, 49, 49, 51, 52, 51, 50, 87, 104, 98, 97, 78, 59, 48, 55, 52, 48, 52, 72, 77, 63, 49, 41, 39, 41, 43, 40, 42, 43, 42, 43, 44, 47, 51, 63, 75, 53, 43, 43, 43, 47, 46, 47, 60, 74, 61, 44, 44, 43, 47, 60, 49, 43, 43, 43, 46, 43, 43, 43, 103, 154, 148, 123, 110, 98, 96, 87, 80, 76, 78, 112, 
60, 49, 47, 46, 47, 55, 71, 77, 67, 75, 80, 72, 65, 66, 66, 67, 65, 58, 57, 62, 60, 58, 55, 59, 60, 64, 56, 46, 49, 60, 55, 49, 45, 46, 48, 46, 46, 46, 48, 48, 46, 46, 45, 45, 48, 47, 46, 47, 49, 49, 53, 51, 49, 50, 49, 48, 71, 113, 98, 103, 96, 64, 67, 66, 52, 44, 44, 49, 59, 68, 75, 72, 50, 40, 43, 41, 42, 44, 43, 43, 47, 49, 50, 62, 78, 50, 42, 44, 44, 43, 48, 64, 74, 55, 44, 43, 45, 43, 47, 59, 48, 42, 41, 42, 42, 43, 43, 41, 81, 138, 151, 127, 109, 98, 93, 79, 70, 72, 91, 110, 
60, 48, 46, 45, 49, 55, 78, 72, 62, 69, 78, 78, 69, 73, 75, 73, 63, 57, 61, 64, 63, 58, 57, 57, 54, 59, 63, 55, 49, 54, 50, 47, 49, 49, 50, 54, 57, 61, 64, 64, 62, 57, 49, 47, 45, 44, 47, 49, 49, 50, 51, 51, 48, 49, 48, 49, 60, 112, 108, 102, 93, 72, 80, 68, 54, 43, 41, 43, 47, 50, 49, 67, 84, 71, 45, 40, 41, 44, 43, 43, 51, 50, 48, 65, 73, 45, 47, 45, 42, 47, 64, 77, 59, 42, 43, 43, 43, 43, 49, 59, 45, 41, 42, 42, 42, 41, 43, 37, 66, 130, 145, 126, 110, 98, 88, 74, 72, 87, 96, 100, 
60, 46, 45, 45, 49, 63, 79, 62, 49, 66, 73, 81, 79, 71, 72, 70, 60, 64, 72, 67, 61, 59, 57, 57, 58, 58, 57, 63, 55, 50, 51, 58, 64, 62, 62, 70, 71, 76, 75, 73, 72, 74, 66, 60, 52, 48, 48, 49, 49, 50, 49, 49, 49, 49, 48, 49, 50, 96, 121, 111, 90, 66, 65, 63, 54, 43, 41, 41, 43, 48, 43, 43, 52, 77, 85, 54, 41, 46, 44, 44, 49, 46, 47, 69, 68, 44, 49, 45, 49, 70, 78, 55, 42, 41, 43, 42, 40, 43, 52, 58, 43, 40, 38, 39, 40, 41, 38, 37, 61, 116, 137, 121, 104, 91, 78, 72, 84, 81, 106, 124, 
53, 43, 44, 43, 49, 68, 73, 52, 44, 60, 78, 76, 79, 78, 71, 63, 58, 66, 73, 68, 65, 61, 61, 66, 67, 60, 59, 63, 64, 59, 60, 65, 65, 66, 67, 68, 68, 71, 72, 71, 69, 72, 67, 65, 62, 57, 53, 51, 50, 52, 51, 52, 49, 47, 45, 43, 46, 86, 132, 114, 93, 61, 56, 59, 55, 47, 44, 42, 42, 49, 46, 43, 40, 43, 72, 95, 64, 43, 46, 47, 49, 49, 51, 74, 61, 50, 49, 51, 71, 80, 54, 39, 41, 41, 41, 40, 41, 43, 54, 54, 39, 37, 37, 39, 40, 40, 39, 39, 65, 103, 132, 122, 108, 88, 77, 81, 72, 73, 101, 120, 
53, 43, 42, 43, 53, 66, 60, 43, 45, 68, 87, 78, 74, 80, 78, 68, 62, 67, 76, 75, 66, 67, 77, 78, 69, 60, 60, 65, 69, 65, 61, 60, 62, 63, 65, 66, 66, 67, 69, 67, 67, 68, 65, 64, 59, 59, 56, 54, 53, 54, 52, 52, 50, 49, 45, 43, 45, 69, 138, 128, 92, 59, 57, 59, 57, 49, 43, 43, 44, 49, 47, 45, 44, 42, 40, 59, 97, 72, 46, 47, 49, 49, 49, 76, 60, 50, 55, 74, 82, 56, 40, 43, 40, 41, 41, 39, 40, 43, 58, 51, 37, 38, 40, 39, 39, 39, 40, 47, 71, 98, 126, 115, 100, 86, 86, 65, 56, 82, 89, 90, 
51, 41, 43, 49, 64, 66, 50, 42, 48, 64, 69, 81, 75, 75, 84, 83, 69, 66, 68, 66, 63, 66, 70, 68, 64, 65, 66, 66, 69, 68, 60, 57, 60, 62, 64, 62, 65, 65, 63, 63, 64, 63, 61, 60, 57, 57, 56, 57, 52, 50, 51, 53, 48, 46, 45, 45, 46, 64, 123, 146, 90, 54, 57, 58, 59, 53, 45, 43, 42, 47, 47, 43, 43, 45, 43, 35, 62, 105, 66, 44, 49, 47, 56, 72, 54, 56, 74, 85, 58, 45, 42, 43, 40, 41, 41, 40, 41, 46, 59, 51, 40, 38, 39, 38, 38, 39, 42, 53, 71, 98, 114, 105, 92, 86, 84, 67, 87, 98, 76, 84, 
49, 40, 43, 60, 78, 66, 46, 44, 44, 43, 48, 78, 93, 79, 77, 84, 84, 69, 59, 57, 59, 61, 63, 66, 66, 66, 66, 67, 72, 78, 60, 54, 62, 63, 62, 63, 64, 60, 61, 60, 61, 60, 62, 60, 54, 54, 54, 54, 54, 61, 64, 60, 52, 49, 49, 46, 51, 75, 92, 111, 78, 55, 57, 57, 58, 54, 47, 43, 41, 44, 49, 43, 45, 46, 43, 41, 41, 68, 96, 59, 47, 46, 64, 65, 53, 78, 87, 63, 44, 46, 42, 43, 43, 43, 42, 41, 41, 47, 56, 49, 41, 40, 40, 40, 40, 40, 48, 51, 70, 97, 108, 94, 75, 60, 78, 92, 105, 84, 78, 124, 
55, 43, 49, 80, 93, 63, 45, 45, 43, 38, 41, 52, 72, 80, 76, 78, 90, 88, 69, 63, 65, 73, 76, 70, 69, 69, 64, 71, 77, 85, 66, 54, 61, 64, 65, 67, 66, 61, 59, 61, 58, 57, 56, 54, 54, 51, 49, 51, 66, 73, 73, 72, 67, 60, 55, 49, 60, 78, 96, 66, 55, 53, 54, 56, 56, 54, 49, 41, 42, 45, 51, 44, 40, 43, 40, 40, 42, 43, 80, 96, 52, 44, 70, 66, 72, 91, 65, 44, 43, 42, 43, 42, 43, 43, 42, 42, 43, 48, 57, 58, 66, 50, 37, 39, 41, 43, 42, 54, 86, 96, 90, 61, 47, 52, 74, 102, 89, 70, 106, 147, 
60, 45, 68, 113, 105, 58, 45, 46, 43, 40, 39, 41, 43, 55, 77, 75, 77, 84, 84, 72, 62, 65, 66, 63, 69, 63, 61, 60, 68, 77, 68, 58, 60, 60, 65, 66, 64, 59, 57, 58, 55, 54, 54, 52, 53, 49, 49, 57, 74, 74, 74, 76, 72, 62, 49, 49, 54, 66, 121, 97, 55, 59, 65, 70, 74, 74, 73, 69, 70, 67, 68, 61, 53, 49, 43, 39, 40, 41, 52, 95, 81, 50, 72, 78, 90, 68, 46, 46, 45, 43, 43, 44, 46, 43, 42, 42, 43, 49, 60, 57, 59, 44, 37, 41, 43, 42, 41, 65, 80, 67, 60, 50, 50, 52, 60, 87, 80, 104, 126, 118, 
68, 51, 95, 133, 103, 52, 47, 45, 41, 40, 43, 44, 46, 45, 56, 74, 71, 77, 79, 73, 61, 54, 59, 54, 56, 56, 55, 60, 69, 67, 68, 61, 60, 58, 59, 58, 58, 59, 58, 55, 54, 53, 52, 50, 50, 48, 48, 66, 78, 76, 77, 76, 75, 60, 44, 50, 54, 53, 120, 161, 93, 86, 89, 87, 85, 84, 80, 79, 78, 78, 83, 85, 88, 87, 84, 76, 60, 51, 47, 63, 94, 72, 77, 94, 75, 48, 46, 45, 47, 46, 44, 44, 47, 42, 43, 43, 43, 51, 58, 43, 39, 36, 40, 43, 43, 42, 48, 81, 58, 44, 53, 54, 56, 55, 55, 72, 71, 95, 91, 65, 
74, 65, 114, 134, 87, 43, 48, 46, 43, 45, 49, 49, 46, 46, 44, 57, 73, 72, 77, 80, 81, 64, 60, 58, 59, 53, 53, 64, 66, 61, 66, 67, 60, 61, 59, 56, 54, 58, 55, 52, 52, 52, 50, 49, 48, 47, 54, 73, 77, 75, 74, 73, 69, 54, 48, 56, 62, 59, 86, 170, 120, 62, 63, 59, 54, 54, 54, 54, 50, 49, 51, 54, 59, 61, 66, 78, 88, 91, 78, 60, 69, 78, 91, 89, 50, 42, 49, 49, 45, 43, 42, 41, 43, 43, 44, 43, 44, 63, 60, 40, 39, 41, 43, 42, 42, 43, 55, 74, 53, 50, 54, 54, 56, 56, 54, 69, 75, 55, 52, 55, 
78, 78, 121, 120, 66, 45, 53, 52, 51, 53, 53, 49, 45, 45, 46, 44, 56, 74, 72, 73, 86, 69, 54, 52, 53, 50, 54, 55, 53, 60, 66, 68, 60, 59, 59, 57, 54, 56, 54, 50, 50, 50, 48, 46, 47, 49, 66, 76, 78, 77, 75, 72, 60, 53, 55, 62, 61, 59, 60, 133, 161, 72, 57, 57, 52, 50, 51, 52, 50, 49, 49, 51, 53, 52, 46, 46, 49, 60, 73, 66, 62, 84, 100, 94, 66, 51, 65, 76, 56, 47, 48, 48, 49, 44, 44, 45, 52, 73, 88, 58, 35, 41, 42, 43, 44, 44, 54, 72, 57, 54, 53, 55, 59, 56, 54, 62, 80, 63, 55, 66, 
80, 88, 117, 94, 49, 49, 59, 58, 57, 56, 51, 48, 48, 47, 47, 43, 42, 60, 73, 68, 72, 67, 64, 54, 49, 49, 48, 52, 52, 57, 60, 66, 62, 59, 56, 58, 57, 58, 54, 52, 49, 49, 48, 49, 49, 58, 77, 76, 75, 74, 73, 65, 57, 52, 61, 65, 60, 60, 57, 90, 177, 106, 54, 56, 55, 53, 54, 54, 51, 50, 47, 49, 50, 48, 48, 52, 55, 55, 61, 62, 69, 89, 99, 117, 118, 96, 95, 106, 92, 84, 86, 87, 81, 70, 63, 57, 60, 67, 77, 72, 51, 47, 38, 40, 41, 41, 57, 73, 53, 52, 53, 54, 55, 56, 58, 62, 74, 72, 65, 72, 
76, 86, 99, 66, 43, 52, 59, 60, 58, 52, 47, 47, 47, 46, 47, 44, 48, 54, 66, 73, 73, 65, 66, 60, 49, 50, 50, 52, 49, 53, 60, 65, 64, 60, 56, 56, 57, 54, 53, 51, 49, 48, 48, 48, 54, 75, 78, 78, 76, 73, 70, 60, 54, 54, 68, 66, 59, 60, 59, 66, 139, 127, 56, 54, 56, 56, 54, 55, 55, 57, 57, 58, 62, 64, 71, 75, 78, 73, 72, 66, 69, 79, 98, 91, 67, 61, 83, 105, 96, 77, 71, 80, 82, 90, 94, 94, 91, 80, 66, 63, 81, 105, 97, 74, 51, 41, 59, 67, 50, 43, 52, 54, 53, 54, 58, 63, 67, 78, 71, 78, 
68, 73, 72, 47, 43, 53, 60, 60, 58, 49, 45, 49, 48, 49, 48, 47, 54, 54, 53, 62, 75, 66, 59, 55, 52, 49, 48, 49, 49, 52, 62, 64, 61, 60, 57, 54, 55, 56, 54, 50, 50, 49, 49, 52, 70, 81, 78, 76, 77, 72, 69, 56, 52, 60, 74, 63, 56, 59, 59, 59, 90, 124, 66, 55, 61, 65, 66, 72, 79, 84, 85, 82, 78, 73, 63, 55, 52, 49, 48, 54, 69, 57, 74, 101, 56, 41, 58, 76, 82, 66, 44, 56, 62, 61, 62, 66, 66, 65, 54, 50, 59, 98, 149, 154, 139, 102, 73, 60, 50, 43, 43, 49, 51, 52, 56, 62, 61, 77, 77, 80, 
60, 61, 52, 41, 45, 54, 60, 60, 56, 46, 46, 47, 48, 47, 46, 48, 53, 54, 53, 50, 59, 70, 62, 52, 54, 50, 46, 47, 49, 53, 59, 62, 61, 60, 60, 60, 57, 55, 54, 51, 50, 52, 51, 61, 78, 79, 78, 76, 75, 71, 66, 60, 55, 66, 76, 62, 59, 59, 54, 59, 74, 111, 96, 79, 84, 84, 84, 86, 87, 87, 76, 56, 50, 48, 45, 44, 43, 44, 44, 58, 71, 47, 43, 75, 96, 57, 48, 50, 56, 52, 37, 44, 70, 76, 60, 48, 43, 56, 48, 37, 44, 60, 122, 155, 164, 165, 143, 103, 62, 43, 40, 43, 48, 49, 54, 66, 59, 68, 75, 80, 
56, 53, 46, 43, 54, 65, 66, 60, 50, 45, 47, 47, 47, 46, 48, 49, 53, 57, 53, 52, 52, 55, 66, 58, 49, 49, 46, 48, 49, 51, 55, 61, 59, 58, 56, 55, 54, 52, 52, 49, 53, 53, 55, 75, 82, 79, 78, 78, 72, 66, 57, 57, 57, 74, 69, 66, 75, 76, 75, 78, 72, 96, 111, 73, 74, 76, 73, 73, 78, 83, 78, 55, 48, 47, 43, 46, 44, 42, 45, 65, 61, 53, 47, 40, 66, 93, 60, 47, 48, 44, 41, 32, 51, 77, 61, 47, 44, 59, 46, 35, 37, 40, 74, 138, 159, 164, 169, 172, 146, 86, 44, 38, 43, 46, 48, 62, 61, 62, 67, 79, 
56, 49, 44, 48, 60, 72, 72, 59, 48, 47, 49, 49, 47, 45, 47, 50, 53, 52, 54, 51, 53, 53, 55, 62, 56, 48, 46, 46, 45, 45, 52, 58, 52, 54, 54, 51, 50, 51, 48, 50, 54, 55, 72, 86, 82, 78, 78, 74, 70, 63, 71, 77, 65, 73, 59, 53, 62, 70, 68, 62, 59, 78, 114, 77, 66, 72, 72, 72, 74, 74, 71, 52, 47, 45, 41, 43, 45, 42, 50, 69, 50, 55, 60, 46, 40, 72, 94, 58, 43, 43, 37, 29, 34, 53, 54, 43, 46, 59, 43, 33, 37, 34, 45, 100, 155, 163, 162, 163, 174, 161, 108, 51, 37, 45, 43, 54, 53, 58, 61, 77, 
56, 45, 44, 51, 63, 72, 70, 54, 47, 49, 48, 48, 47, 46, 48, 49, 53, 49, 49, 50, 53, 56, 55, 56, 61, 54, 43, 42, 39, 41, 52, 56, 52, 52, 51, 51, 53, 54, 50, 54, 55, 63, 84, 89, 82, 78, 75, 77, 84, 86, 102, 87, 73, 73, 57, 48, 51, 53, 52, 54, 54, 67, 105, 96, 63, 66, 72, 72, 69, 67, 69, 54, 49, 46, 39, 41, 44, 45, 60, 60, 44, 50, 61, 57, 44, 43, 75, 93, 51, 39, 37, 31, 31, 40, 44, 42, 47, 56, 40, 35, 38, 37, 37, 59, 117, 141, 153, 149, 151, 168, 167, 121, 60, 41, 44, 46, 46, 51, 60, 67, 
53, 43, 47, 56, 65, 69, 61, 50, 49, 49, 49, 47, 45, 49, 51, 52, 52, 48, 51, 57, 59, 58, 56, 57, 59, 60, 54, 43, 42, 42, 50, 54, 56, 54, 54, 53, 54, 54, 51, 54, 57, 73, 89, 85, 83, 80, 74, 87, 90, 71, 90, 70, 72, 72, 59, 46, 46, 49, 51, 49, 47, 58, 90, 113, 71, 60, 68, 70, 66, 66, 66, 57, 46, 44, 36, 38, 42, 48, 64, 49, 43, 49, 53, 55, 49, 43, 43, 78, 88, 45, 32, 33, 33, 37, 43, 41, 48, 54, 39, 36, 37, 38, 36, 43, 83, 123, 143, 146, 137, 146, 165, 163, 125, 58, 42, 43, 44, 50, 56, 58, 
53, 43, 49, 61, 65, 63, 54, 48, 49, 48, 49, 47, 46, 49, 50, 46, 49, 51, 60, 60, 60, 58, 58, 58, 58, 61, 62, 53, 42, 43, 49, 56, 57, 55, 55, 55, 53, 51, 53, 53, 60, 84, 87, 84, 80, 78, 67, 59, 54, 48, 49, 65, 76, 71, 58, 44, 46, 47, 46, 44, 43, 48, 74, 112, 90, 52, 62, 64, 66, 69, 67, 59, 46, 44, 37, 32, 39, 54, 64, 49, 47, 52, 50, 47, 45, 44, 43, 43, 81, 84, 38, 33, 31, 36, 41, 43, 54, 54, 37, 37, 37, 38, 38, 40, 54, 101, 133, 143, 133, 121, 137, 157, 156, 115, 54, 42, 43, 50, 51, 62, 
53, 43, 54, 65, 65, 60, 53, 48, 48, 49, 49, 49, 48, 49, 49, 47, 49, 54, 60, 60, 60, 59, 59, 61, 60, 60, 60, 59, 46, 41, 50, 60, 58, 56, 58, 56, 53, 50, 50, 49, 74, 90, 84, 81, 79, 73, 51, 41, 42, 45, 49, 71, 70, 66, 58, 44, 43, 42, 40, 41, 42, 42, 60, 97, 106, 56, 54, 55, 58, 70, 68, 56, 45, 45, 38, 35, 38, 64, 60, 53, 54, 53, 50, 48, 43, 43, 43, 39, 43, 85, 69, 34, 40, 39, 39, 43, 57, 50, 32, 37, 39, 37, 37, 47, 49, 69, 118, 128, 124, 121, 121, 131, 137, 137, 102, 46, 45, 49, 45, 70, 
54, 43, 55, 71, 67, 56, 51, 48, 49, 49, 48, 48, 46, 47, 49, 45, 49, 54, 55, 60, 61, 61, 60, 61, 60, 60, 60, 60, 50, 40, 50, 55, 54, 53, 52, 50, 48, 43, 43, 55, 85, 84, 81, 81, 78, 62, 43, 43, 42, 44, 54, 73, 56, 44, 49, 45, 41, 39, 39, 39, 42, 42, 54, 87, 108, 78, 49, 50, 56, 66, 66, 54, 45, 45, 40, 34, 45, 65, 54, 54, 51, 50, 49, 47, 43, 39, 40, 40, 35, 49, 91, 60, 41, 38, 37, 40, 57, 46, 32, 34, 35, 33, 40, 50, 59, 57, 87, 129, 119, 114, 108, 113, 120, 138, 145, 79, 48, 49, 49, 78, 
51, 43, 54, 64, 66, 54, 49, 51, 50, 50, 49, 49, 48, 49, 49, 49, 48, 48, 51, 55, 59, 60, 61, 59, 59, 60, 60, 55, 49, 44, 47, 44, 46, 45, 44, 42, 43, 42, 42, 70, 89, 84, 80, 81, 70, 48, 43, 42, 42, 47, 68, 73, 46, 42, 51, 42, 39, 39, 42, 40, 43, 43, 49, 67, 78, 84, 51, 54, 61, 64, 69, 64, 48, 45, 41, 39, 59, 60, 51, 50, 51, 45, 46, 45, 43, 39, 40, 38, 34, 31, 55, 92, 51, 35, 36, 43, 59, 42, 33, 36, 37, 39, 43, 49, 49, 42, 47, 99, 131, 111, 97, 105, 114, 126, 142, 135, 72, 50, 54, 79, 
54, 44, 49, 54, 56, 52, 50, 50, 49, 49, 50, 49, 49, 50, 52, 51, 50, 48, 49, 49, 57, 60, 57, 55, 55, 52, 51, 48, 45, 45, 43, 43, 44, 43, 43, 42, 44, 43, 49, 83, 87, 82, 79, 77, 54, 43, 43, 43, 45, 50, 81, 67, 41, 43, 50, 42, 41, 40, 44, 42, 44, 43, 47, 60, 72, 85, 56, 47, 49, 55, 65, 63, 50, 48, 43, 44, 65, 52, 49, 49, 49, 46, 44, 43, 42, 39, 39, 39, 37, 34, 32, 66, 81, 41, 33, 47, 58, 39, 36, 33, 36, 38, 44, 48, 40, 37, 35, 57, 121, 126, 98, 100, 104, 109, 126, 137, 109, 51, 42, 75, 
54, 44, 47, 47, 46, 50, 52, 50, 50, 49, 48, 51, 51, 50, 51, 50, 51, 50, 51, 49, 54, 55, 51, 52, 53, 54, 51, 50, 54, 60, 59, 54, 52, 51, 58, 66, 55, 42, 67, 90, 88, 84, 76, 64, 43, 43, 43, 43, 43, 62, 86, 56, 42, 47, 49, 43, 41, 42, 43, 42, 45, 45, 47, 53, 87, 104, 70, 48, 43, 47, 56, 54, 47, 45, 42, 54, 55, 40, 44, 47, 48, 45, 43, 43, 42, 37, 37, 40, 32, 35, 33, 38, 81, 76, 39, 49, 56, 43, 43, 45, 42, 44, 49, 44, 34, 37, 37, 34, 68, 121, 120, 91, 90, 102, 114, 131, 128, 97, 43, 53, 
54, 44, 45, 47, 45, 49, 49, 52, 49, 49, 53, 51, 49, 49, 50, 49, 49, 53, 54, 52, 50, 49, 50, 47, 47, 48, 46, 47, 50, 60, 66, 63, 67, 81, 108, 132, 72, 43, 81, 89, 87, 80, 71, 52, 43, 42, 43, 42, 48, 82, 82, 47, 43, 47, 50, 43, 41, 40, 44, 45, 44, 47, 43, 44, 82, 111, 77, 46, 45, 44, 50, 52, 46, 43, 45, 66, 48, 35, 39, 41, 43, 43, 41, 40, 41, 37, 41, 40, 29, 31, 36, 34, 49, 96, 79, 60, 66, 64, 64, 64, 64, 66, 69, 62, 47, 42, 39, 37, 37, 70, 118, 106, 92, 96, 108, 112, 111, 129, 78, 53, 
55, 46, 50, 54, 59, 57, 52, 50, 57, 51, 49, 50, 49, 51, 51, 50, 50, 52, 49, 47, 43, 42, 45, 42, 40, 39, 39, 39, 39, 41, 39, 43, 50, 65, 99, 104, 48, 55, 88, 87, 80, 79, 61, 46, 44, 43, 44, 41, 58, 93, 71, 43, 45, 45, 50, 46, 44, 44, 45, 49, 49, 45, 42, 46, 72, 106, 87, 50, 49, 46, 49, 52, 48, 44, 55, 61, 39, 39, 37, 38, 41, 45, 42, 40, 35, 36, 43, 41, 33, 34, 36, 36, 38, 56, 103, 102, 81, 72, 69, 65, 66, 66, 65, 69, 70, 65, 58, 48, 37, 39, 76, 117, 98, 92, 106, 104, 104, 119, 125, 80, 
58, 52, 60, 65, 69, 60, 58, 58, 58, 51, 52, 51, 51, 51, 51, 52, 51, 47, 43, 41, 43, 43, 41, 41, 39, 39, 39, 36, 40, 42, 40, 40, 39, 41, 53, 49, 41, 68, 92, 89, 85, 74, 48, 44, 44, 43, 44, 42, 66, 89, 59, 48, 47, 50, 53, 51, 52, 55, 54, 54, 51, 46, 49, 55, 69, 99, 96, 66, 54, 49, 49, 49, 48, 47, 66, 52, 37, 37, 37, 38, 41, 43, 42, 37, 31, 41, 45, 43, 37, 38, 32, 33, 42, 38, 52, 73, 66, 65, 71, 68, 66, 66, 63, 70, 70, 70, 72, 70, 62, 51, 53, 90, 115, 88, 78, 88, 94, 108, 134, 129, 
66, 63, 68, 71, 67, 55, 51, 52, 50, 51, 54, 54, 53, 49, 48, 48, 49, 48, 46, 43, 45, 42, 39, 40, 40, 41, 42, 40, 39, 39, 40, 39, 41, 42, 43, 40, 46, 80, 91, 89, 88, 65, 43, 44, 47, 45, 43, 45, 77, 80, 54, 57, 60, 59, 59, 60, 60, 61, 58, 57, 57, 57, 60, 60, 66, 88, 102, 79, 64, 54, 49, 51, 53, 53, 66, 45, 40, 37, 37, 39, 43, 42, 39, 38, 35, 43, 45, 45, 43, 41, 34, 37, 42, 37, 42, 58, 48, 41, 53, 66, 67, 66, 66, 70, 71, 70, 69, 66, 71, 71, 67, 67, 102, 107, 83, 87, 91, 108, 129, 146, 
86, 71, 68, 68, 67, 56, 50, 49, 51, 50, 52, 51, 47, 41, 41, 43, 46, 46, 51, 46, 41, 43, 41, 38, 41, 39, 41, 41, 41, 43, 40, 40, 41, 43, 43, 41, 53, 90, 92, 89, 81, 55, 48, 48, 47, 44, 45, 56, 82, 70, 60, 66, 65, 63, 60, 62, 63, 61, 59, 58, 62, 64, 63, 67, 68, 82, 94, 78, 61, 52, 50, 50, 54, 69, 70, 49, 41, 39, 38, 39, 40, 38, 37, 38, 41, 43, 43, 44, 43, 39, 33, 33, 42, 38, 43, 57, 46, 37, 36, 44, 61, 66, 64, 66, 69, 71, 67, 68, 68, 66, 66, 70, 77, 106, 90, 78, 87, 95, 120, 140, 
123, 84, 68, 72, 77, 64, 54, 50, 51, 52, 48, 44, 41, 41, 42, 43, 43, 44, 47, 46, 43, 42, 42, 40, 42, 42, 41, 39, 39, 42, 41, 43, 43, 42, 41, 41, 58, 92, 92, 91, 70, 45, 45, 48, 49, 46, 49, 67, 82, 61, 60, 62, 64, 61, 60, 62, 62, 62, 61, 64, 64, 65, 64, 65, 60, 77, 94, 84, 56, 49, 51, 51, 50, 72, 77, 58, 51, 43, 40, 38, 37, 36, 34, 38, 45, 45, 45, 45, 41, 34, 32, 35, 40, 38, 43, 59, 46, 39, 36, 34, 47, 59, 68, 68, 66, 70, 71, 68, 67, 67, 66, 65, 61, 80, 99, 78, 78, 83, 100, 120, 
152, 104, 78, 91, 106, 88, 55, 52, 54, 45, 43, 43, 43, 43, 43, 43, 46, 48, 49, 49, 47, 42, 42, 42, 40, 39, 41, 40, 41, 41, 41, 43, 44, 43, 43, 38, 61, 93, 91, 94, 67, 43, 43, 48, 51, 49, 56, 84, 72, 58, 58, 60, 63, 62, 62, 65, 66, 65, 66, 64, 60, 53, 49, 43, 43, 68, 96, 93, 61, 52, 54, 54, 56, 60, 66, 62, 65, 58, 46, 37, 37, 36, 34, 45, 49, 47, 45, 47, 44, 36, 36, 37, 37, 37, 43, 61, 44, 39, 37, 39, 42, 41, 58, 68, 71, 69, 70, 70, 71, 69, 67, 64, 63, 63, 79, 83, 78, 94, 105, 121, 
161, 123, 108, 121, 135, 114, 70, 54, 48, 43, 43, 44, 42, 43, 43, 43, 45, 49, 52, 54, 49, 49, 43, 41, 39, 41, 41, 41, 40, 39, 42, 42, 42, 43, 42, 41, 66, 98, 95, 92, 71, 51, 45, 48, 49, 49, 67, 89, 65, 57, 60, 62, 63, 64, 64, 70, 66, 60, 57, 50, 46, 40, 37, 35, 35, 59, 93, 102, 73, 53, 56, 57, 60, 58, 62, 60, 65, 63, 60, 51, 40, 35, 40, 50, 49, 48, 47, 49, 46, 39, 37, 34, 38, 38, 43, 60, 43, 36, 36, 41, 41, 39, 44, 60, 71, 67, 70, 71, 72, 71, 71, 70, 67, 64, 69, 83, 75, 80, 100, 131, 
167, 140, 132, 145, 151, 135, 96, 52, 42, 44, 44, 43, 43, 44, 42, 43, 43, 47, 51, 53, 50, 47, 44, 43, 43, 42, 43, 43, 43, 43, 43, 42, 42, 42, 42, 42, 69, 101, 101, 82, 66, 67, 66, 63, 62, 60, 89, 93, 58, 51, 58, 60, 61, 65, 60, 55, 57, 50, 40, 36, 38, 37, 37, 37, 35, 50, 87, 102, 84, 56, 57, 58, 55, 55, 62, 60, 62, 65, 65, 62, 54, 41, 46, 54, 49, 47, 51, 51, 47, 41, 37, 31, 39, 38, 46, 61, 43, 35, 36, 41, 43, 43, 44, 46, 59, 66, 66, 69, 72, 68, 69, 68, 65, 65, 64, 72, 78, 74, 86, 103, 
168, 144, 145, 157, 154, 146, 109, 49, 43, 46, 44, 43, 43, 41, 42, 44, 41, 43, 44, 47, 47, 44, 43, 43, 44, 43, 43, 43, 43, 44, 44, 43, 43, 43, 43, 41, 69, 102, 110, 73, 44, 57, 62, 66, 63, 73, 97, 81, 59, 51, 55, 58, 59, 60, 56, 52, 52, 43, 37, 35, 39, 40, 37, 38, 35, 44, 86, 107, 91, 57, 57, 58, 57, 59, 65, 61, 63, 66, 65, 63, 62, 60, 57, 50, 48, 48, 49, 50, 48, 43, 37, 33, 39, 38, 46, 59, 42, 36, 34, 42, 45, 44, 45, 44, 46, 54, 66, 69, 69, 68, 66, 65, 64, 65, 61, 64, 78, 72, 83, 96, 
167, 143, 148, 157, 154, 146, 95, 47, 47, 46, 47, 44, 43, 42, 43, 43, 42, 44, 44, 41, 41, 43, 43, 43, 44, 44, 43, 43, 43, 44, 48, 46, 43, 43, 43, 46, 67, 102, 116, 75, 53, 60, 59, 55, 54, 85, 94, 66, 52, 56, 59, 58, 52, 49, 52, 54, 48, 40, 38, 38, 37, 37, 37, 39, 37, 49, 78, 105, 101, 63, 56, 60, 57, 59, 65, 61, 61, 62, 61, 64, 65, 66, 64, 56, 50, 49, 48, 49, 47, 46, 38, 35, 37, 40, 46, 59, 42, 37, 34, 41, 47, 48, 48, 47, 44, 48, 53, 66, 68, 66, 67, 68, 69, 66, 62, 62, 73, 70, 64, 84, 
166, 144, 144, 155, 150, 132, 74, 47, 52, 51, 48, 44, 44, 43, 43, 43, 44, 44, 45, 44, 43, 45, 46, 43, 43, 43, 44, 45, 52, 63, 54, 45, 44, 44, 47, 50, 54, 96, 116, 78, 62, 56, 49, 47, 68, 101, 80, 53, 43, 44, 53, 54, 52, 49, 53, 50, 42, 39, 35, 37, 39, 39, 39, 39, 38, 52, 72, 98, 96, 70, 56, 59, 59, 60, 60, 59, 62, 63, 63, 64, 63, 64, 66, 67, 57, 49, 49, 51, 49, 49, 42, 37, 37, 41, 48, 56, 40, 38, 40, 43, 49, 52, 49, 44, 48, 46, 37, 50, 67, 68, 67, 69, 67, 63, 65, 64, 66, 68, 61, 76, 
167, 145, 142, 150, 145, 127, 69, 46, 49, 49, 48, 45, 42, 44, 44, 46, 46, 46, 46, 47, 45, 47, 46, 45, 45, 46, 49, 54, 70, 67, 54, 48, 48, 49, 47, 51, 44, 78, 111, 72, 53, 49, 45, 57, 90, 99, 72, 51, 48, 42, 49, 50, 52, 53, 58, 56, 43, 38, 37, 39, 39, 38, 38, 40, 41, 54, 67, 86, 96, 79, 57, 59, 59, 60, 63, 59, 60, 64, 63, 62, 62, 64, 67, 70, 69, 54, 50, 52, 49, 53, 54, 39, 38, 39, 47, 57, 41, 37, 39, 42, 49, 52, 46, 44, 48, 42, 38, 38, 51, 67, 67, 68, 67, 67, 66, 67, 63, 64, 62, 75, 
169, 147, 139, 145, 141, 123, 66, 45, 47, 43, 47, 48, 45, 44, 44, 46, 45, 46, 48, 47, 47, 48, 47, 45, 46, 49, 46, 48, 50, 48, 53, 53, 51, 49, 48, 49, 44, 52, 98, 76, 50, 47, 49, 78, 109, 94, 64, 54, 53, 43, 46, 54, 60, 59, 57, 60, 55, 43, 37, 37, 39, 39, 40, 40, 45, 55, 64, 82, 90, 78, 65, 69, 63, 58, 60, 59, 58, 61, 60, 60, 61, 65, 66, 68, 70, 67, 54, 49, 49, 57, 63, 50, 38, 37, 48, 57, 39, 35, 37, 38, 49, 52, 44, 43, 42, 40, 37, 37, 44, 54, 65, 67, 65, 68, 70, 65, 61, 65, 63, 69, 
171, 149, 135, 139, 135, 111, 60, 49, 48, 44, 46, 45, 45, 43, 44, 47, 49, 48, 49, 49, 51, 49, 50, 48, 46, 43, 38, 39, 40, 42, 48, 63, 59, 50, 49, 44, 45, 44, 73, 81, 47, 43, 47, 67, 90, 84, 57, 52, 59, 59, 53, 62, 63, 53, 46, 47, 57, 56, 43, 39, 39, 41, 40, 39, 47, 59, 64, 79, 93, 94, 81, 85, 88, 70, 66, 63, 59, 55, 59, 61, 60, 65, 66, 67, 70, 70, 62, 50, 52, 62, 58, 54, 48, 40, 49, 59, 41, 37, 37, 40, 43, 49, 42, 42, 39, 36, 39, 43, 49, 44, 54, 64, 64, 68, 70, 65, 64, 66, 60, 66, 
171, 146, 128, 127, 117, 88, 53, 46, 46, 47, 52, 53, 60, 76, 84, 76, 57, 50, 49, 47, 44, 43, 41, 42, 40, 40, 38, 42, 49, 55, 61, 72, 81, 81, 66, 55, 51, 45, 50, 76, 55, 43, 45, 56, 78, 88, 56, 51, 61, 63, 54, 47, 45, 44, 43, 40, 42, 49, 54, 49, 43, 50, 59, 61, 73, 78, 68, 69, 91, 98, 84, 92, 82, 58, 78, 102, 97, 75, 60, 60, 59, 65, 66, 70, 69, 69, 67, 56, 57, 60, 54, 55, 54, 49, 52, 59, 42, 39, 39, 41, 40, 44, 42, 40, 41, 46, 54, 52, 46, 44, 43, 54, 66, 66, 62, 64, 63, 65, 61, 64, 
163, 132, 110, 101, 87, 70, 50, 59, 78, 101, 118, 102, 108, 156, 161, 114, 54, 41, 42, 41, 40, 38, 41, 41, 40, 43, 48, 53, 63, 74, 80, 87, 96, 105, 96, 75, 64, 61, 54, 54, 60, 49, 46, 58, 88, 96, 60, 51, 55, 49, 44, 42, 40, 40, 41, 42, 40, 39, 46, 64, 75, 89, 104, 102, 95, 90, 78, 68, 81, 86, 94, 107, 79, 69, 105, 114, 129, 131, 88, 60, 60, 65, 66, 67, 68, 66, 65, 67, 60, 54, 54, 54, 55, 50, 53, 60, 42, 42, 39, 39, 40, 43, 42, 45, 51, 58, 58, 51, 45, 43, 41, 43, 54, 65, 66, 67, 61, 65, 64, 65, 
145, 112, 91, 82, 80, 76, 75, 116, 141, 162, 173, 161, 152, 171, 151, 76, 42, 41, 39, 39, 43, 41, 41, 41, 46, 55, 63, 71, 82, 90, 94, 96, 96, 98, 96, 62, 49, 61, 70, 64, 61, 61, 48, 56, 84, 90, 59, 50, 49, 41, 40, 43, 43, 42, 41, 43, 43, 43, 55, 81, 95, 94, 92, 96, 99, 105, 108, 105, 107, 110, 109, 110, 96, 99, 102, 108, 119, 110, 118, 94, 66, 61, 62, 63, 66, 67, 67, 70, 62, 54, 54, 54, 54, 49, 51, 61, 49, 43, 40, 38, 41, 44, 44, 60, 70, 62, 55, 48, 45, 43, 41, 42, 41, 54, 69, 68, 67, 66, 64, 63, 
124, 103, 90, 84, 89, 91, 107, 137, 150, 166, 174, 176, 176, 170, 105, 43, 40, 41, 41, 42, 40, 42, 44, 50, 60, 71, 80, 90, 98, 100, 93, 87, 84, 93, 80, 52, 49, 47, 53, 63, 64, 64, 54, 53, 79, 89, 60, 49, 47, 44, 39, 41, 43, 43, 40, 42, 48, 58, 78, 90, 80, 74, 75, 90, 95, 98, 101, 114, 114, 105, 108, 117, 110, 101, 86, 85, 101, 96, 107, 114, 90, 64, 61, 66, 66, 66, 66, 67, 66, 55, 52, 56, 58, 45, 50, 64, 51, 43, 42, 44, 46, 44, 44, 60, 69, 66, 60, 51, 45, 43, 43, 43, 40, 44, 61, 70, 72, 69, 65, 67, 
114, 102, 96, 90, 92, 100, 125, 144, 149, 155, 164, 170, 177, 146, 64, 39, 42, 40, 40, 41, 41, 48, 56, 66, 72, 85, 103, 118, 115, 106, 96, 92, 84, 87, 62, 48, 50, 49, 46, 46, 49, 48, 45, 52, 78, 86, 60, 41, 43, 44, 43, 40, 41, 41, 38, 42, 51, 73, 88, 79, 72, 73, 75, 80, 92, 103, 96, 98, 92, 94, 95, 108, 103, 93, 79, 72, 79, 90, 103, 101, 101, 84, 66, 66, 68, 67, 67, 68, 68, 60, 54, 58, 55, 43, 52, 66, 53, 46, 44, 43, 43, 46, 51, 58, 72, 65, 60, 50, 46, 43, 44, 44, 40, 43, 50, 62, 71, 67, 65, 74, 
122, 109, 105, 98, 97, 113, 141, 155, 152, 141, 138, 149, 161, 107, 45, 41, 41, 40, 42, 43, 51, 61, 71, 78, 90, 108, 121, 130, 131, 121, 108, 102, 95, 78, 50, 45, 49, 50, 47, 45, 47, 45, 43, 52, 83, 86, 55, 39, 43, 43, 43, 42, 41, 39, 40, 44, 60, 78, 85, 82, 90, 76, 75, 78, 101, 115, 112, 107, 90, 114, 120, 129, 119, 87, 78, 71, 73, 80, 98, 87, 85, 92, 83, 67, 67, 70, 69, 67, 70, 64, 55, 59, 52, 45, 54, 68, 52, 46, 45, 41, 41, 43, 59, 66, 70, 67, 57, 50, 47, 46, 43, 43, 40, 43, 47, 47, 61, 66, 67, 78, 
136, 119, 107, 98, 100, 119, 140, 154, 156, 141, 120, 131, 138, 79, 43, 43, 43, 43, 49, 56, 65, 76, 96, 109, 108, 111, 125, 139, 145, 137, 119, 104, 95, 64, 49, 48, 49, 48, 49, 47, 46, 47, 43, 54, 82, 88, 56, 41, 44, 44, 42, 43, 43, 43, 43, 52, 67, 85, 90, 101, 99, 94, 106, 96, 100, 110, 107, 108, 107, 114, 119, 121, 128, 94, 77, 74, 83, 82, 96, 84, 74, 81, 88, 73, 66, 67, 66, 70, 71, 66, 56, 57, 53, 54, 61, 67, 54, 48, 49, 44, 42, 43, 55, 61, 62, 63, 52, 47, 45, 43, 42, 43, 41, 45, 47, 43, 46, 60, 70, 78, 
145, 124, 102, 95, 91, 106, 129, 146, 149, 134, 112, 104, 106, 63, 43, 43, 44, 50, 59, 68, 82, 117, 149, 155, 143, 136, 139, 149, 153, 150, 131, 109, 88, 56, 49, 50, 49, 49, 49, 47, 45, 47, 42, 54, 82, 86, 55, 42, 41, 43, 45, 43, 43, 42, 45, 58, 72, 85, 92, 99, 94, 98, 108, 99, 90, 102, 102, 100, 96, 93, 106, 111, 114, 104, 78, 76, 76, 86, 98, 84, 73, 76, 81, 79, 67, 66, 69, 68, 68, 66, 58, 58, 58, 61, 66, 70, 59, 54, 55, 51, 45, 47, 52, 56, 60, 59, 49, 43, 43, 41, 43, 47, 49, 48, 51, 45, 43, 47, 62, 78, 
126, 115, 92, 84, 78, 82, 102, 123, 128, 116, 102, 93, 92, 60, 43, 43, 49, 59, 68, 85, 119, 159, 173, 169, 163, 155, 153, 156, 157, 155, 143, 117, 84, 54, 52, 50, 49, 49, 49, 49, 47, 46, 44, 57, 86, 86, 54, 43, 41, 42, 43, 43, 44, 43, 52, 64, 72, 81, 90, 95, 88, 86, 92, 95, 92, 99, 102, 102, 94, 88, 102, 106, 108, 102, 89, 75, 77, 80, 87, 86, 74, 72, 75, 78, 72, 67, 67, 67, 67, 67, 58, 58, 57, 63, 67, 71, 62, 60, 60, 55, 50, 53, 55, 56, 65, 65, 51, 49, 46, 43, 45, 49, 52, 50, 51, 45, 43, 43, 49, 72, 
94, 93, 78, 72, 67, 65, 68, 78, 95, 117, 135, 144, 143, 84, 45, 47, 54, 67, 84, 111, 142, 163, 169, 167, 163, 160, 158, 159, 161, 160, 149, 135, 95, 54, 54, 52, 50, 49, 49, 49, 47, 45, 44, 56, 84, 86, 54, 42, 42, 43, 41, 41, 41, 43, 58, 67, 72, 80, 87, 84, 79, 84, 87, 93, 97, 102, 104, 104, 105, 104, 104, 106, 104, 99, 97, 85, 79, 79, 89, 90, 72, 67, 72, 75, 74, 66, 66, 67, 67, 66, 61, 58, 54, 60, 68, 74, 64, 60, 62, 60, 60, 62, 58, 57, 61, 53, 49, 54, 51, 49, 49, 51, 50, 49, 49, 44, 42, 42, 42, 61, 
82, 72, 68, 64, 61, 59, 58, 65, 90, 136, 167, 184, 183, 114, 46, 51, 63, 77, 96, 123, 149, 163, 163, 158, 155, 162, 167, 170, 169, 165, 161, 160, 114, 54, 49, 53, 54, 62, 62, 61, 61, 63, 63, 66, 86, 84, 56, 42, 41, 40, 41, 41, 43, 48, 61, 69, 73, 80, 88, 85, 81, 84, 88, 90, 91, 102, 105, 107, 110, 113, 110, 109, 104, 96, 95, 88, 79, 84, 84, 87, 68, 66, 70, 67, 72, 68, 66, 65, 65, 64, 66, 69, 71, 72, 68, 72, 63, 63, 63, 63, 63, 64, 59, 57, 55, 48, 50, 78, 68, 49, 49, 48, 47, 45, 47, 44, 43, 43, 41, 49, 
81, 68, 63, 57, 56, 53, 56, 64, 91, 143, 174, 190, 195, 134, 52, 56, 72, 87, 107, 139, 164, 174, 173, 163, 156, 168, 181, 181, 173, 170, 173, 174, 137, 60, 60, 78, 95, 102, 97, 97, 95, 89, 76, 79, 90, 88, 82, 68, 59, 50, 43, 42, 43, 54, 64, 66, 70, 76, 82, 85, 82, 84, 89, 89, 96, 107, 108, 108, 109, 114, 114, 113, 108, 96, 91, 90, 81, 79, 72, 78, 66, 63, 66, 62, 66, 68, 65, 66, 66, 64, 72, 89, 115, 127, 90, 72, 71, 62, 60, 63, 63, 60, 60, 59, 54, 44, 72, 143, 126, 57, 48, 48, 46, 47, 47, 46, 43, 42, 42, 49, 
84, 66, 58, 53, 50, 51, 55, 60, 76, 125, 170, 187, 196, 148, 60, 60, 81, 90, 110, 154, 177, 187, 188, 182, 179, 185, 190, 185, 174, 173, 182, 179, 134, 80, 91, 112, 121, 124, 118, 109, 100, 89, 78, 78, 87, 88, 99, 104, 99, 88, 65, 43, 43, 59, 63, 61, 69, 75, 76, 81, 83, 86, 88, 90, 100, 108, 103, 105, 107, 109, 108, 112, 103, 92, 84, 83, 84, 79, 77, 73, 71, 62, 66, 70, 66, 66, 66, 66, 66, 65, 66, 77, 104, 128, 96, 76, 109, 90, 64, 61, 61, 60, 65, 63, 53, 45, 114, 185, 174, 84, 47, 47, 45, 47, 46, 48, 43, 41, 40, 49, 
84, 66, 55, 53, 53, 54, 57, 65, 67, 82, 130, 173, 193, 152, 65, 71, 92, 91, 113, 157, 182, 191, 193, 189, 185, 185, 185, 176, 165, 170, 165, 129, 93, 93, 109, 121, 126, 128, 121, 108, 95, 90, 79, 78, 85, 90, 103, 114, 103, 95, 85, 65, 55, 62, 63, 63, 68, 74, 78, 79, 83, 86, 85, 92, 101, 105, 101, 98, 98, 105, 107, 109, 102, 95, 86, 84, 90, 84, 79, 77, 75, 66, 69, 73, 66, 66, 65, 63, 65, 64, 60, 60, 71, 85, 75, 75, 114, 120, 89, 65, 62, 63, 65, 62, 47, 53, 145, 195, 185, 117, 50, 47, 47, 48, 48, 48, 43, 42, 41, 50, 
88, 78, 60, 54, 57, 60, 63, 67, 66, 72, 107, 163, 193, 163, 83, 97, 116, 114, 132, 166, 185, 195, 195, 187, 178, 174, 167, 155, 159, 141, 97, 79, 89, 99, 113, 123, 128, 120, 104, 91, 90, 90, 71, 74, 90, 84, 87, 106, 102, 98, 86, 85, 77, 62, 65, 66, 70, 72, 74, 78, 84, 84, 85, 94, 98, 102, 102, 97, 93, 99, 101, 102, 102, 98, 90, 90, 94, 89, 85, 79, 70, 70, 69, 69, 64, 61, 60, 62, 66, 65, 60, 56, 58, 60, 65, 72, 81, 90, 85, 71, 66, 63, 66, 61, 45, 60, 154, 193, 188, 152, 71, 45, 46, 46, 46, 48, 43, 43, 41, 50, 
88, 90, 73, 60, 59, 62, 69, 76, 86, 118, 152, 178, 192, 177, 123, 133, 146, 145, 148, 176, 189, 194, 191, 180, 164, 152, 149, 155, 126, 85, 79, 79, 88, 99, 108, 117, 115, 96, 96, 105, 115, 109, 92, 95, 102, 89, 87, 97, 92, 84, 75, 76, 69, 63, 69, 68, 72, 76, 73, 78, 85, 82, 87, 91, 93, 101, 102, 97, 95, 91, 94, 100, 101, 99, 94, 90, 93, 93, 82, 75, 69, 74, 73, 70, 66, 65, 62, 60, 62, 67, 73, 70, 61, 58, 60, 71, 71, 68, 68, 70, 71, 66, 66, 56, 43, 66, 157, 192, 189, 173, 102, 48, 48, 49, 50, 47, 43, 43, 43, 52, 
76, 79, 87, 77, 72, 87, 104, 123, 146, 172, 185, 191, 191, 184, 161, 160, 168, 170, 175, 189, 193, 193, 185, 162, 140, 134, 147, 120, 78, 74, 80, 85, 92, 101, 110, 120, 117, 110, 123, 136, 143, 139, 136, 131, 123, 104, 92, 90, 90, 95, 94, 76, 61, 65, 67, 71, 75, 78, 77, 83, 86, 84, 81, 83, 90, 100, 97, 95, 97, 92, 96, 102, 101, 98, 93, 86, 87, 92, 83, 76, 71, 72, 72, 70, 71, 69, 65, 61, 58, 66, 71, 75, 78, 76, 75, 73, 70, 65, 66, 71, 72, 72, 66, 54, 43, 72, 157, 188, 185, 157, 93, 50, 48, 48, 49, 49, 44, 48, 48, 54, 
69, 65, 87, 90, 94, 139, 168, 179, 185, 190, 193, 193, 189, 185, 174, 175, 184, 182, 186, 194, 195, 192, 177, 145, 131, 134, 114, 77, 70, 76, 84, 88, 97, 107, 113, 122, 122, 120, 123, 136, 145, 146, 148, 150, 143, 123, 98, 100, 86, 83, 89, 78, 60, 66, 68, 73, 74, 78, 80, 87, 84, 82, 80, 84, 93, 99, 96, 92, 95, 96, 100, 105, 102, 96, 88, 84, 84, 90, 81, 76, 79, 72, 66, 71, 73, 72, 68, 62, 57, 63, 57, 60, 66, 67, 77, 81, 81, 76, 72, 73, 72, 72, 70, 54, 43, 67, 137, 155, 128, 83, 55, 54, 49, 49, 49, 49, 47, 49, 55, 61, 
90, 79, 85, 87, 91, 151, 191, 196, 196, 194, 191, 185, 175, 170, 169, 179, 186, 185, 191, 194, 193, 188, 166, 142, 136, 105, 73, 72, 72, 81, 90, 95, 102, 102, 109, 117, 115, 121, 130, 137, 143, 142, 144, 149, 146, 133, 126, 129, 108, 83, 62, 54, 57, 70, 70, 72, 73, 77, 85, 86, 84, 82, 84, 90, 93, 98, 97, 94, 91, 92, 97, 105, 101, 93, 88, 89, 84, 84, 81, 78, 84, 72, 70, 70, 73, 75, 72, 66, 64, 60, 61, 64, 65, 66, 60, 64, 74, 80, 76, 75, 74, 71, 73, 55, 43, 51, 72, 70, 53, 43, 45, 54, 53, 50, 49, 53, 55, 55, 57, 63, 
77, 69, 75, 83, 99, 165, 197, 199, 197, 193, 180, 151, 136, 143, 155, 168, 174, 181, 190, 191, 187, 178, 154, 143, 114, 68, 67, 72, 77, 87, 94, 100, 102, 98, 109, 118, 120, 128, 131, 136, 138, 139, 141, 140, 136, 130, 133, 128, 120, 108, 78, 50, 54, 71, 71, 72, 75, 79, 87, 86, 82, 83, 87, 90, 94, 94, 90, 90, 90, 95, 96, 100, 99, 91, 88, 87, 84, 80, 83, 85, 84, 72, 77, 74, 75, 77, 73, 70, 63, 60, 66, 68, 69, 70, 55, 55, 66, 71, 77, 75, 72, 66, 67, 52, 41, 44, 50, 49, 46, 42, 45, 49, 54, 51, 49, 59, 63, 56, 50, 63, 
78, 65, 64, 65, 85, 163, 200, 199, 195, 183, 149, 94, 84, 118, 142, 149, 153, 167, 174, 177, 171, 156, 137, 124, 78, 62, 66, 69, 82, 90, 98, 103, 101, 101, 110, 114, 124, 131, 131, 135, 137, 143, 147, 137, 135, 125, 126, 120, 111, 107, 94, 60, 52, 71, 72, 75, 77, 80, 87, 84, 81, 81, 85, 89, 90, 89, 90, 86, 85, 96, 96, 96, 96, 91, 89, 88, 88, 82, 89, 95, 81, 72, 80, 78, 78, 77, 71, 71, 66, 64, 66, 69, 71, 66, 53, 59, 69, 67, 72, 74, 68, 59, 48, 42, 43, 50, 53, 52, 49, 45, 45, 46, 53, 54, 52, 54, 49, 47, 49, 64, 
81, 69, 66, 66, 61, 96, 181, 201, 191, 165, 122, 100, 109, 135, 156, 163, 161, 154, 139, 133, 127, 117, 109, 87, 64, 63, 68, 72, 83, 90, 100, 101, 94, 97, 108, 114, 124, 132, 132, 137, 145, 147, 146, 142, 134, 125, 130, 126, 116, 107, 99, 73, 57, 70, 73, 73, 77, 79, 83, 83, 83, 84, 86, 87, 91, 89, 89, 84, 83, 94, 98, 94, 95, 95, 96, 90, 87, 84, 83, 84, 79, 74, 78, 84, 86, 82, 76, 74, 72, 66, 62, 67, 68, 60, 56, 65, 71, 66, 66, 64, 64, 53, 40, 41, 46, 50, 54, 53, 49, 49, 47, 46, 48, 53, 53, 49, 48, 49, 48, 60, 
84, 71, 68, 70, 69, 71, 128, 184, 171, 135, 126, 152, 174, 179, 183, 184, 177, 150, 109, 89, 90, 89, 85, 68, 63, 63, 66, 74, 84, 90, 91, 89, 85, 92, 106, 108, 117, 129, 126, 131, 136, 134, 140, 142, 124, 120, 133, 131, 118, 108, 102, 86, 65, 66, 72, 77, 79, 78, 77, 81, 83, 86, 84, 88, 90, 85, 85, 87, 89, 89, 90, 91, 93, 94, 96, 93, 90, 85, 75, 74, 78, 73, 77, 81, 84, 84, 82, 77, 72, 72, 64, 66, 65, 54, 58, 68, 73, 64, 63, 55, 58, 49, 42, 47, 54, 53, 53, 53, 50, 50, 49, 45, 44, 51, 53, 50, 50, 49, 45, 58, 
84, 72, 74, 75, 73, 73, 81, 95, 89, 78, 79, 100, 139, 179, 197, 192, 184, 156, 109, 80, 81, 83, 74, 66, 64, 63, 67, 74, 79, 85, 90, 87, 88, 96, 104, 104, 111, 122, 126, 129, 123, 122, 136, 135, 126, 124, 133, 129, 110, 99, 96, 89, 70, 65, 68, 76, 78, 79, 78, 81, 87, 89, 86, 88, 87, 87, 85, 90, 92, 88, 88, 93, 94, 90, 92, 92, 90, 88, 78, 77, 78, 73, 76, 83, 83, 86, 81, 76, 74, 71, 66, 61, 57, 52, 60, 71, 77, 60, 57, 55, 54, 44, 41, 49, 59, 55, 52, 51, 50, 51, 49, 48, 48, 50, 53, 53, 49, 47, 49, 60, 
96, 78, 77, 78, 79, 87, 78, 71, 67, 65, 64, 64, 66, 99, 171, 193, 179, 144, 92, 72, 75, 76, 70, 65, 67, 66, 66, 72, 78, 83, 88, 85, 90, 93, 100, 105, 114, 127, 134, 134, 123, 127, 131, 128, 126, 126, 126, 121, 102, 87, 90, 90, 72, 63, 67, 75, 81, 79, 77, 80, 84, 85, 84, 87, 87, 88, 88, 91, 91, 89, 87, 90, 92, 89, 92, 91, 92, 93, 87, 85, 83, 77, 80, 84, 82, 86, 82, 78, 75, 71, 66, 61, 53, 54, 60, 74, 71, 56, 61, 72, 64, 47, 43, 49, 56, 58, 53, 52, 52, 52, 51, 50, 52, 50, 50, 54, 50, 48, 49, 60, 
108, 80, 79, 82, 92, 91, 75, 72, 68, 65, 65, 68, 61, 58, 93, 167, 168, 126, 89, 78, 76, 76, 71, 64, 68, 70, 66, 72, 78, 78, 81, 84, 88, 93, 98, 104, 115, 128, 128, 131, 134, 134, 124, 120, 118, 122, 121, 112, 96, 86, 96, 93, 78, 60, 62, 70, 78, 80, 82, 82, 78, 78, 82, 83, 83, 84, 85, 86, 86, 88, 87, 87, 92, 91, 89, 87, 92, 92, 92, 89, 81, 82, 84, 82, 82, 87, 86, 79, 75, 73, 70, 68, 60, 57, 66, 66, 59, 58, 73, 81, 66, 50, 49, 52, 55, 59, 58, 54, 53, 54, 50, 50, 49, 49, 49, 54, 54, 49, 49, 59, 
117, 90, 84, 93, 97, 77, 71, 68, 67, 68, 70, 65, 63, 60, 60, 121, 163, 139, 119, 119, 115, 90, 68, 68, 70, 71, 67, 70, 76, 77, 80, 82, 86, 91, 97, 106, 122, 126, 118, 130, 137, 135, 126, 113, 110, 118, 120, 110, 97, 91, 97, 96, 81, 63, 58, 66, 74, 81, 80, 81, 78, 81, 81, 78, 81, 83, 84, 83, 86, 88, 83, 84, 90, 91, 86, 86, 92, 89, 90, 89, 80, 83, 85, 78, 75, 84, 84, 78, 74, 73, 69, 72, 69, 63, 60, 50, 53, 66, 81, 78, 63, 52, 57, 60, 61, 61, 58, 51, 52, 51, 49, 51, 50, 50, 53, 54, 56, 52, 49, 57, 
122, 108, 95, 99, 85, 72, 70, 68, 69, 68, 67, 65, 66, 63, 60, 91, 161, 158, 145, 149, 157, 119, 65, 71, 71, 71, 69, 69, 71, 78, 79, 79, 90, 98, 99, 110, 121, 120, 122, 131, 132, 130, 126, 116, 108, 116, 119, 111, 102, 96, 96, 90, 80, 67, 56, 66, 77, 79, 80, 82, 78, 79, 77, 77, 78, 79, 81, 84, 88, 85, 81, 82, 87, 86, 89, 89, 85, 88, 87, 84, 77, 80, 85, 79, 76, 84, 86, 80, 77, 72, 74, 75, 73, 66, 59, 54, 54, 62, 62, 57, 50, 53, 62, 65, 65, 65, 57, 52, 50, 49, 52, 53, 52, 52, 52, 54, 54, 54, 50, 59, 
120, 116, 107, 90, 74, 69, 71, 70, 71, 68, 66, 66, 69, 64, 61, 78, 149, 160, 152, 161, 172, 125, 66, 72, 71, 69, 75, 70, 68, 74, 76, 78, 89, 103, 110, 117, 121, 120, 124, 123, 124, 121, 121, 115, 110, 112, 119, 116, 106, 99, 96, 90, 81, 71, 56, 60, 74, 76, 78, 81, 78, 75, 78, 79, 78, 78, 79, 81, 84, 83, 79, 79, 85, 86, 86, 85, 84, 85, 84, 84, 78, 77, 81, 78, 76, 83, 84, 84, 80, 75, 73, 77, 78, 75, 69, 71, 60, 46, 43, 43, 42, 44, 49, 62, 66, 65, 59, 52, 47, 50, 54, 54, 53, 51, 50, 49, 54, 54, 51, 57, 
119, 108, 101, 81, 75, 74, 73, 72, 71, 66, 66, 69, 69, 68, 64, 72, 124, 132, 139, 156, 167, 109, 67, 72, 70, 70, 78, 72, 67, 71, 76, 80, 92, 104, 112, 117, 120, 123, 121, 109, 113, 119, 122, 121, 119, 113, 114, 117, 108, 102, 94, 88, 83, 72, 60, 54, 66, 72, 73, 75, 75, 74, 77, 80, 78, 77, 72, 72, 79, 82, 80, 78, 81, 82, 80, 79, 80, 81, 84, 84, 77, 76, 82, 84, 76, 82, 84, 85, 81, 77, 74, 76, 78, 78, 77, 79, 74, 54, 43, 43, 47, 43, 44, 47, 59, 66, 60, 46, 46, 54, 54, 56, 56, 55, 54, 55, 57, 54, 52, 60, 
118, 101, 90, 78, 76, 75, 72, 69, 70, 66, 68, 72, 69, 69, 67, 72, 84, 72, 85, 114, 143, 90, 66, 71, 68, 75, 78, 73, 72, 74, 79, 90, 101, 102, 107, 114, 116, 126, 123, 112, 110, 113, 117, 121, 120, 108, 108, 111, 113, 102, 91, 87, 82, 75, 68, 59, 59, 66, 72, 73, 72, 72, 78, 78, 77, 73, 66, 69, 75, 78, 76, 76, 75, 80, 81, 78, 74, 74, 76, 78, 80, 78, 82, 88, 73, 77, 82, 86, 81, 76, 76, 80, 78, 77, 77, 80, 84, 75, 52, 48, 47, 44, 43, 44, 49, 60, 60, 47, 48, 53, 55, 55, 58, 59, 58, 57, 56, 54, 52, 61, 
120, 98, 80, 77, 74, 72, 72, 72, 69, 68, 73, 72, 68, 67, 69, 75, 72, 47, 50, 67, 101, 78, 68, 66, 68, 72, 74, 74, 75, 78, 86, 94, 99, 101, 103, 108, 114, 123, 120, 113, 112, 108, 107, 117, 112, 98, 107, 110, 108, 100, 93, 84, 81, 78, 67, 60, 55, 60, 66, 70, 74, 72, 72, 78, 78, 70, 63, 66, 74, 72, 70, 73, 76, 81, 81, 78, 77, 75, 78, 79, 82, 81, 79, 84, 81, 79, 82, 84, 79, 76, 75, 76, 73, 78, 78, 81, 86, 86, 69, 50, 46, 45, 44, 43, 45, 50, 58, 53, 50, 54, 55, 54, 54, 60, 61, 60, 55, 54, 52, 65, 
109, 85, 78, 78, 73, 72, 72, 69, 68, 72, 72, 72, 68, 69, 70, 82, 71, 45, 47, 47, 60, 66, 67, 66, 66, 69, 74, 74, 75, 84, 90, 95, 90, 92, 93, 104, 113, 120, 114, 114, 110, 102, 106, 115, 111, 101, 108, 111, 102, 96, 93, 83, 78, 75, 70, 60, 56, 57, 60, 65, 65, 65, 68, 73, 75, 68, 66, 69, 73, 75, 75, 78, 82, 82, 81, 80, 83, 84, 85, 90, 88, 84, 79, 78, 87, 78, 78, 78, 74, 77, 79, 77, 74, 76, 78, 84, 85, 88, 86, 68, 49, 47, 43, 43, 46, 44, 54, 54, 54, 54, 54, 54, 57, 58, 58, 59, 57, 56, 54, 67, 
99, 82, 81, 77, 75, 74, 73, 73, 73, 72, 72, 74, 74, 72, 71, 85, 65, 46, 49, 46, 52, 67, 70, 68, 69, 71, 72, 71, 73, 85, 92, 91, 84, 86, 85, 99, 111, 114, 111, 113, 110, 108, 111, 114, 110, 106, 104, 105, 102, 95, 90, 82, 76, 76, 72, 63, 57, 63, 66, 65, 64, 63, 70, 72, 73, 68, 68, 68, 70, 76, 77, 78, 83, 84, 85, 80, 83, 88, 89, 90, 86, 85, 78, 78, 85, 74, 68, 71, 69, 75, 77, 72, 72, 78, 78, 81, 84, 89, 106, 111, 66, 49, 43, 43, 45, 45, 49, 54, 58, 58, 54, 54, 59, 58, 58, 57, 58, 56, 58, 67, 
93, 81, 79, 75, 77, 77, 79, 75, 75, 72, 72, 70, 73, 74, 75, 87, 55, 46, 49, 46, 52, 66, 69, 72, 72, 72, 72, 67, 72, 82, 91, 93, 89, 85, 83, 97, 109, 109, 105, 106, 107, 108, 107, 108, 110, 102, 99, 102, 96, 92, 89, 81, 77, 76, 73, 63, 58, 84, 119, 71, 65, 67, 68, 72, 73, 67, 67, 72, 72, 74, 76, 77, 83, 84, 88, 86, 83, 86, 90, 86, 83, 82, 78, 75, 75, 80, 72, 71, 72, 75, 72, 66, 69, 78, 77, 83, 96, 120, 146, 163, 118, 56, 46, 47, 46, 45, 48, 55, 60, 60, 56, 53, 55, 56, 58, 59, 56, 54, 57, 65, 
91, 80, 78, 78, 72, 73, 78, 74, 72, 72, 70, 70, 75, 73, 86, 79, 46, 46, 47, 44, 51, 65, 68, 74, 72, 68, 71, 67, 70, 81, 87, 87, 90, 93, 91, 101, 108, 109, 103, 103, 104, 104, 102, 103, 106, 100, 98, 99, 96, 94, 89, 84, 78, 75, 73, 64, 57, 87, 164, 106, 64, 66, 66, 69, 72, 66, 66, 69, 72, 71, 75, 77, 80, 83, 87, 88, 85, 87, 93, 88, 81, 83, 81, 74, 70, 78, 78, 67, 66, 71, 72, 77, 73, 72, 70, 99, 149, 172, 181, 182, 166, 91, 47, 49, 46, 45, 44, 55, 60, 59, 56, 52, 51, 55, 56, 56, 57, 52, 53, 62, 
90, 78, 73, 74, 72, 72, 74, 73, 74, 72, 72, 76, 78, 78, 93, 60, 44, 45, 47, 46, 54, 64, 69, 72, 75, 69, 71, 69, 71, 80, 85, 85, 90, 99, 101, 104, 108, 108, 106, 103, 102, 100, 98, 101, 98, 97, 98, 98, 96, 92, 89, 84, 80, 77, 74, 64, 59, 93, 169, 159, 90, 66, 66, 66, 63, 66, 68, 66, 66, 66, 72, 77, 77, 79, 84, 85, 84, 89, 96, 90, 86, 90, 83, 73, 67, 67, 71, 65, 64, 72, 78, 81, 73, 68, 66, 120, 188, 190, 188, 185, 177, 143, 70, 46, 46, 47, 46, 51, 61, 61, 56, 54, 53, 59, 58, 54, 53, 53, 53, 60, 
87, 78, 76, 76, 75, 74, 73, 72, 72, 72, 76, 78, 78, 88, 88, 55, 50, 57, 63, 62, 64, 68, 69, 73, 74, 69, 66, 65, 72, 79, 86, 88, 93, 98, 100, 104, 105, 104, 102, 100, 100, 99, 99, 98, 95, 97, 96, 97, 94, 90, 91, 87, 82, 78, 75, 69, 62, 104, 179, 190, 167, 94, 64, 62, 61, 66, 69, 66, 66, 66, 70, 72, 75, 80, 84, 83, 81, 83, 93, 93, 90, 88, 84, 79, 72, 66, 65, 67, 65, 72, 78, 80, 72, 63, 67, 120, 188, 195, 191, 179, 177, 179, 136, 62, 47, 47, 46, 53, 66, 66, 60, 58, 58, 60, 57, 54, 49, 50, 52, 58, 
87, 78, 75, 74, 74, 75, 74, 75, 77, 77, 76, 74, 81, 88, 68, 78, 97, 117, 113, 92, 69, 64, 67, 69, 71, 65, 67, 68, 72, 80, 84, 86, 95, 99, 103, 107, 104, 100, 100, 102, 100, 98, 98, 95, 96, 96, 92, 95, 91, 89, 91, 89, 83, 80, 78, 72, 65, 116, 191, 192, 195, 162, 81, 60, 62, 63, 69, 69, 69, 66, 69, 69, 72, 78, 79, 77, 77, 83, 90, 91, 90, 87, 88, 84, 78, 67, 61, 70, 66, 71, 76, 79, 75, 64, 71, 84, 112, 146, 140, 103, 129, 184, 186, 122, 51, 43, 45, 52, 66, 65, 63, 60, 60, 60, 56, 51, 47, 47, 49, 59, 
89, 78, 78, 77, 77, 75, 73, 75, 76, 74, 73, 75, 100, 106, 113, 125, 143, 151, 131, 102, 72, 64, 67, 65, 61, 61, 67, 69, 69, 75, 80, 86, 92, 99, 104, 108, 106, 103, 101, 100, 96, 95, 94, 91, 90, 93, 92, 92, 90, 89, 90, 87, 82, 82, 80, 74, 67, 126, 191, 191, 191, 194, 149, 74, 59, 63, 63, 66, 66, 66, 67, 71, 73, 76, 78, 77, 80, 87, 92, 96, 94, 88, 84, 84, 84, 76, 66, 68, 68, 73, 78, 80, 75, 72, 75, 72, 63, 68, 67, 61, 77, 155, 197, 186, 102, 46, 43, 64, 88, 74, 67, 66, 64, 64, 60, 55, 50, 51, 56, 63, 
101, 89, 78, 74, 73, 71, 72, 73, 72, 72, 76, 103, 141, 150, 146, 135, 137, 142, 124, 100, 72, 65, 62, 60, 60, 60, 64, 66, 72, 73, 77, 85, 90, 101, 104, 105, 104, 105, 99, 100, 96, 90, 87, 87, 88, 91, 91, 92, 91, 90, 88, 84, 81, 80, 81, 78, 72, 129, 183, 181, 182, 186, 191, 140, 71, 58, 60, 63, 63, 62, 69, 72, 72, 76, 79, 79, 79, 84, 88, 90, 91, 89, 85, 84, 85, 83, 74, 66, 66, 73, 77, 76, 72, 72, 76, 72, 62, 63, 65, 64, 59, 114, 191, 196, 153, 64, 45, 114, 159, 122, 82, 67, 64, 62, 60, 54, 50, 55, 57, 63, 
92, 79, 74, 73, 72, 73, 73, 71, 72, 78, 114, 146, 151, 148, 140, 137, 137, 143, 130, 102, 72, 65, 61, 62, 64, 63, 63, 67, 73, 73, 70, 78, 82, 95, 100, 100, 102, 98, 97, 97, 96, 91, 87, 86, 91, 89, 92, 91, 91, 90, 87, 83, 82, 82, 80, 77, 75, 136, 177, 167, 166, 167, 177, 185, 127, 62, 63, 67, 64, 61, 64, 70, 73, 76, 78, 76, 78, 80, 78, 79, 87, 86, 84, 85, 86, 83, 76, 66, 68, 73, 72, 73, 70, 72, 74, 68, 63, 61, 61, 60, 58, 80, 161, 183, 177, 101, 81, 173, 194, 177, 119, 63, 50, 48, 45, 45, 51, 51, 49, 58, 
83, 74, 73, 73, 72, 72, 71, 68, 74, 109, 149, 151, 145, 149, 155, 155, 146, 140, 137, 119, 89, 66, 63, 62, 66, 65, 67, 70, 72, 74, 72, 73, 78, 84, 91, 96, 99, 97, 93, 94, 96, 95, 92, 89, 89, 88, 92, 90, 88, 88, 88, 83, 83, 85, 84, 78, 80, 151, 184, 173, 162, 155, 157, 172, 138, 70, 66, 68, 65, 63, 61, 67, 73, 77, 74, 73, 79, 82, 78, 78, 78, 79, 84, 81, 83, 80, 76, 69, 69, 68, 72, 75, 69, 71, 72, 67, 61, 59, 61, 62, 57, 66, 148, 192, 197, 137, 136, 197, 180, 143, 81, 43, 40, 42, 42, 50, 51, 47, 47, 56, 
82, 73, 74, 74, 72, 72, 72, 76, 96, 120, 143, 146, 141, 148, 153, 153, 149, 138, 131, 120, 97, 66, 61, 64, 67, 68, 72, 73, 78, 82, 81, 77, 81, 85, 86, 90, 93, 97, 94, 90, 94, 97, 95, 92, 84, 84, 90, 90, 85, 84, 84, 82, 85, 84, 84, 81, 90, 167, 193, 186, 180, 173, 159, 124, 77, 68, 71, 70, 69, 66, 65, 61, 69, 69, 67, 74, 79, 82, 77, 77, 77, 79, 78, 78, 87, 84, 77, 72, 72, 73, 76, 75, 70, 70, 74, 67, 61, 61, 61, 60, 55, 63, 150, 201, 202, 138, 121, 133, 86, 54, 43, 41, 40, 46, 51, 52, 49, 47, 47, 56, 
84, 76, 75, 72, 72, 72, 80, 102, 98, 105, 127, 133, 129, 133, 131, 131, 131, 120, 109, 99, 96, 72, 67, 69, 69, 70, 73, 77, 82, 86, 88, 84, 87, 93, 94, 89, 86, 96, 97, 92, 92, 91, 95, 91, 84, 85, 90, 88, 85, 86, 83, 84, 86, 83, 84, 80, 96, 176, 197, 194, 193, 189, 149, 75, 60, 79, 78, 69, 70, 66, 66, 64, 60, 63, 70, 73, 75, 76, 77, 76, 78, 80, 74, 78, 85, 82, 75, 74, 72, 75, 78, 74, 70, 72, 73, 68, 65, 60, 59, 62, 55, 61, 152, 197, 167, 90, 52, 48, 41, 41, 44, 42, 44, 54, 51, 51, 49, 47, 47, 54, 
85, 72, 72, 73, 72, 82, 114, 132, 125, 127, 128, 128, 128, 121, 115, 105, 93, 88, 83, 72, 87, 75, 69, 70, 70, 72, 78, 83, 85, 84, 84, 89, 94, 99, 97, 90, 90, 100, 102, 96, 90, 93, 98, 98, 94, 91, 93, 89, 88, 88, 83, 83, 85, 83, 79, 78, 99, 181, 199, 197, 193, 176, 105, 60, 76, 83, 90, 108, 99, 70, 62, 67, 60, 63, 71, 72, 72, 74, 74, 73, 73, 73, 74, 78, 83, 79, 75, 73, 66, 70, 72, 73, 72, 74, 72, 70, 67, 60, 59, 59, 54, 63, 126, 126, 72, 48, 43, 44, 42, 42, 42, 42, 50, 53, 49, 49, 47, 44, 46, 55, 
84, 76, 75, 80, 96, 113, 116, 107, 112, 132, 137, 134, 131, 131, 121, 102, 76, 60, 65, 58, 71, 80, 69, 67, 72, 73, 78, 84, 84, 81, 77, 89, 101, 96, 90, 90, 93, 99, 102, 99, 97, 100, 102, 100, 99, 95, 92, 86, 83, 86, 85, 84, 84, 79, 78, 75, 101, 185, 197, 183, 144, 100, 64, 70, 86, 105, 141, 179, 186, 117, 63, 65, 64, 64, 71, 74, 72, 72, 69, 66, 71, 73, 75, 79, 79, 79, 77, 70, 67, 75, 72, 69, 70, 73, 69, 70, 68, 62, 62, 63, 57, 61, 62, 49, 44, 49, 47, 44, 45, 43, 41, 45, 54, 53, 47, 48, 47, 47, 48, 55, 
85, 79, 91, 110, 114, 126, 134, 109, 102, 139, 161, 156, 135, 114, 115, 121, 112, 85, 71, 58, 61, 81, 69, 70, 75, 73, 75, 78, 79, 83, 77, 85, 96, 96, 91, 93, 96, 100, 101, 99, 102, 102, 101, 101, 102, 94, 84, 83, 81, 84, 85, 84, 83, 78, 78, 78, 102, 177, 167, 114, 71, 56, 64, 88, 122, 167, 191, 199, 203, 175, 93, 64, 61, 63, 67, 72, 69, 67, 68, 68, 71, 70, 72, 78, 76, 78, 75, 71, 72, 75, 68, 66, 77, 70, 57, 69, 70, 65, 60, 60, 59, 60, 49, 45, 47, 49, 47, 46, 45, 43, 44, 51, 52, 49, 49, 49, 45, 44, 44, 53, 
92, 97, 130, 143, 146, 161, 171, 157, 131, 149, 166, 149, 106, 65, 61, 73, 91, 103, 100, 79, 68, 82, 72, 66, 69, 71, 72, 73, 78, 84, 82, 84, 93, 95, 96, 97, 98, 97, 96, 98, 101, 102, 100, 101, 101, 93, 84, 86, 85, 85, 86, 84, 84, 80, 82, 81, 90, 113, 85, 61, 57, 58, 97, 150, 184, 197, 199, 200, 199, 200, 175, 131, 93, 66, 63, 67, 66, 65, 66, 66, 68, 70, 67, 72, 75, 77, 76, 72, 67, 69, 68, 73, 74, 53, 54, 68, 69, 65, 60, 54, 56, 55, 45, 45, 47, 46, 46, 49, 45, 43, 52, 55, 52, 54, 51, 48, 46, 45, 43, 54, 
93, 92, 143, 170, 177, 180, 183, 179, 157, 151, 134, 84, 54, 51, 50, 50, 52, 60, 74, 85, 84, 89, 74, 64, 66, 72, 72, 75, 76, 78, 84, 86, 92, 92, 96, 96, 93, 95, 95, 101, 96, 97, 99, 98, 99, 95, 91, 90, 90, 91, 89, 90, 88, 84, 84, 82, 85, 77, 69, 64, 57, 84, 158, 194, 198, 199, 199, 199, 197, 199, 201, 198, 180, 121, 67, 65, 62, 61, 63, 66, 67, 69, 67, 70, 75, 75, 72, 68, 70, 67, 75, 90, 56, 47, 54, 65, 67, 63, 60, 53, 57, 55, 44, 49, 48, 42, 45, 49, 57, 78, 76, 57, 53, 55, 54, 50, 46, 43, 43, 54, 
77, 72, 131, 181, 188, 187, 188, 187, 171, 115, 75, 54, 49, 51, 53, 54, 52, 49, 49, 59, 74, 88, 84, 66, 69, 73, 73, 75, 76, 74, 82, 86, 87, 88, 88, 93, 88, 89, 95, 98, 98, 97, 97, 95, 96, 98, 94, 89, 95, 93, 91, 92, 88, 88, 86, 81, 83, 76, 78, 78, 75, 118, 185, 200, 198, 197, 197, 197, 197, 197, 197, 197, 196, 186, 130, 69, 61, 62, 62, 65, 65, 67, 71, 72, 72, 66, 60, 66, 79, 90, 130, 126, 54, 47, 51, 62, 66, 65, 60, 56, 58, 49, 46, 46, 47, 51, 62, 76, 83, 84, 71, 61, 59, 56, 54, 51, 47, 48, 44, 52, 
77, 69, 107, 177, 195, 194, 191, 190, 156, 72, 49, 53, 51, 50, 52, 54, 52, 49, 51, 51, 60, 71, 86, 73, 66, 72, 74, 72, 75, 75, 78, 84, 82, 84, 87, 88, 84, 86, 92, 98, 96, 94, 93, 94, 96, 96, 93, 90, 94, 96, 93, 88, 85, 88, 84, 82, 80, 64, 58, 67, 86, 93, 126, 171, 195, 198, 197, 197, 196, 195, 196, 195, 193, 191, 180, 99, 54, 59, 61, 61, 59, 60, 62, 63, 62, 62, 78, 110, 145, 168, 179, 154, 62, 44, 53, 66, 65, 66, 62, 62, 55, 47, 55, 64, 72, 77, 74, 68, 61, 64, 66, 66, 62, 55, 51, 46, 52, 61, 46, 53, 
74, 64, 82, 144, 192, 197, 195, 180, 112, 54, 51, 53, 51, 51, 53, 53, 50, 49, 49, 47, 58, 60, 72, 76, 68, 69, 72, 74, 78, 77, 73, 77, 80, 84, 84, 80, 84, 89, 93, 97, 95, 94, 91, 92, 91, 90, 91, 94, 92, 91, 89, 86, 85, 87, 83, 84, 81, 55, 50, 63, 84, 92, 106, 111, 138, 178, 196, 197, 196, 194, 194, 193, 191, 186, 183, 141, 62, 57, 61, 90, 103, 103, 108, 117, 132, 146, 166, 191, 193, 179, 184, 181, 80, 49, 57, 78, 72, 66, 65, 59, 62, 87, 131, 138, 78, 59, 58, 60, 60, 66, 68, 64, 60, 54, 49, 46, 48, 47, 41, 51, 
84, 60, 60, 94, 161, 188, 192, 149, 67, 50, 53, 54, 52, 52, 54, 54, 50, 49, 48, 47, 54, 60, 58, 70, 66, 66, 70, 73, 74, 76, 77, 78, 81, 84, 83, 79, 84, 88, 92, 96, 94, 93, 90, 87, 88, 90, 93, 93, 90, 89, 86, 84, 83, 83, 84, 88, 84, 54, 53, 74, 117, 99, 131, 143, 116, 113, 146, 184, 194, 192, 190, 188, 185, 183, 181, 174, 94, 53, 52, 105, 185, 192, 193, 195, 198, 191, 168, 173, 169, 173, 195, 197, 109, 52, 58, 77, 66, 60, 57, 74, 124, 171, 196, 173, 76, 52, 58, 60, 60, 68, 66, 62, 58, 51, 45, 43, 43, 43, 51, 62, 
105, 63, 68, 101, 152, 164, 162, 97, 56, 54, 54, 50, 48, 50, 52, 51, 49, 49, 50, 49, 49, 60, 60, 66, 67, 65, 66, 70, 71, 71, 72, 78, 83, 84, 81, 78, 83, 87, 90, 93, 92, 93, 92, 88, 90, 94, 94, 90, 86, 86, 89, 83, 81, 82, 84, 92, 90, 54, 47, 75, 131, 102, 96, 148, 158, 134, 114, 124, 161, 189, 192, 187, 180, 177, 177, 180, 135, 61, 53, 66, 156, 194, 190, 188, 189, 178, 125, 106, 145, 183, 198, 200, 146, 62, 54, 65, 54, 54, 84, 144, 188, 197, 198, 180, 89, 53, 56, 56, 64, 69, 60, 54, 49, 45, 44, 50, 54, 59, 61, 67, 
135, 73, 112, 151, 177, 173, 148, 75, 54, 55, 52, 51, 49, 49, 48, 49, 47, 48, 49, 49, 47, 55, 62, 54, 67, 65, 66, 68, 72, 74, 72, 76, 83, 82, 81, 82, 85, 89, 90, 90, 90, 90, 92, 93, 93, 94, 92, 94, 90, 87, 82, 83, 82, 84, 85, 93, 84, 82, 56, 70, 135, 131, 86, 100, 138, 153, 149, 128, 114, 136, 173, 183, 168, 160, 163, 172, 168, 90, 53, 51, 97, 176, 182, 183, 184, 160, 117, 126, 174, 193, 197, 197, 188, 120, 67, 57, 54, 96, 161, 196, 199, 198, 198, 192, 108, 51, 56, 60, 67, 63, 54, 49, 43, 54, 60, 59, 54, 54, 51, 62, 
154, 92, 155, 182, 182, 186, 145, 68, 54, 54, 51, 51, 53, 51, 51, 49, 49, 48, 49, 50, 49, 51, 64, 54, 54, 61, 65, 66, 71, 72, 72, 73, 79, 79, 83, 84, 88, 90, 89, 87, 88, 92, 95, 95, 95, 93, 91, 94, 88, 84, 79, 82, 83, 84, 86, 89, 103, 145, 107, 71, 120, 145, 101, 80, 112, 124, 142, 166, 156, 122, 118, 143, 147, 138, 149, 161, 164, 120, 57, 52, 66, 153, 189, 187, 180, 167, 169, 181, 190, 193, 195, 194, 195, 189, 145, 65, 73, 163, 198, 200, 198, 199, 199, 197, 133, 56, 59, 66, 65, 53, 47, 54, 60, 62, 57, 53, 52, 53, 54, 62, 
165, 127, 178, 191, 179, 185, 154, 74, 53, 54, 52, 51, 53, 54, 51, 50, 50, 50, 49, 49, 50, 51, 61, 62, 50, 55, 62, 64, 69, 69, 68, 72, 74, 76, 83, 84, 85, 86, 84, 84, 85, 87, 90, 90, 90, 89, 90, 91, 84, 78, 75, 80, 84, 84, 86, 108, 154, 162, 143, 118, 129, 155, 122, 82, 99, 114, 117, 143, 171, 169, 135, 110, 114, 122, 136, 143, 157, 153, 81, 54, 59, 104, 172, 167, 156, 168, 179, 179, 181, 185, 190, 191, 192, 197, 169, 80, 133, 196, 198, 199, 198, 198, 200, 201, 149, 62, 59, 67, 57, 60, 92, 94, 66, 55, 54, 53, 53, 55, 52, 62, 
177, 160, 189, 195, 182, 179, 148, 78, 62, 55, 54, 50, 50, 52, 49, 49, 50, 49, 49, 50, 49, 50, 55, 66, 54, 50, 60, 66, 63, 67, 69, 71, 72, 73, 78, 79, 80, 78, 78, 79, 80, 84, 84, 85, 82, 85, 87, 87, 81, 72, 74, 79, 80, 83, 102, 162, 180, 165, 149, 157, 169, 170, 145, 94, 90, 108, 108, 110, 129, 148, 147, 120, 105, 108, 125, 159, 175, 175, 117, 55, 56, 65, 114, 131, 139, 147, 146, 144, 150, 164, 178, 184, 190, 193, 156, 117, 184, 197, 197, 198, 199, 198, 200, 201, 155, 66, 65, 68, 82, 144, 143, 67, 53, 54, 54, 53, 51, 56, 54, 65, 
185, 174, 191, 196, 186, 173, 145, 70, 68, 58, 50, 52, 52, 50, 48, 48, 49, 48, 49, 51, 54, 50, 50, 64, 62, 52, 80, 72, 56, 62, 68, 67, 67, 66, 67, 71, 72, 72, 73, 77, 81, 82, 80, 81, 81, 83, 81, 80, 76, 70, 73, 79, 78, 91, 153, 189, 186, 176, 160, 160, 169, 169, 151, 101, 84, 103, 106, 105, 105, 105, 102, 107, 108, 106, 113, 139, 167, 167, 132, 70, 58, 59, 71, 103, 114, 115, 117, 120, 121, 140, 164, 179, 186, 191, 161, 160, 196, 196, 197, 199, 198, 199, 198, 201, 151, 75, 125, 133, 151, 167, 84, 50, 52, 50, 54, 56, 55, 56, 56, 64, 
189, 183, 191, 194, 187, 170, 149, 72, 58, 69, 53, 49, 52, 49, 48, 48, 49, 48, 49, 53, 52, 52, 50, 59, 66, 66, 125, 78, 44, 58, 66, 66, 65, 64, 62, 66, 66, 69, 75, 78, 78, 78, 82, 83, 79, 78, 78, 77, 71, 68, 72, 75, 69, 126, 185, 189, 188, 185, 175, 163, 162, 163, 141, 92, 78, 99, 106, 107, 104, 99, 98, 102, 104, 102, 96, 104, 130, 126, 102, 78, 58, 60, 60, 83, 105, 119, 124, 135, 137, 137, 156, 172, 183, 187, 178, 184, 195, 197, 197, 197, 197, 197, 198, 199, 151, 109, 182, 192, 177, 104, 55, 54, 52, 54, 56, 59, 54, 53, 56, 64, 
191, 189, 193, 193, 188, 170, 156, 87, 48, 60, 66, 49, 49, 49, 49, 49, 52, 49, 51, 51, 51, 52, 56, 54, 63, 106, 161, 79, 42, 72, 78, 65, 63, 64, 66, 66, 66, 68, 70, 66, 72, 77, 80, 79, 77, 77, 78, 77, 72, 66, 67, 68, 61, 131, 180, 185, 185, 186, 185, 173, 160, 151, 125, 87, 74, 100, 108, 108, 104, 104, 114, 104, 86, 78, 70, 75, 103, 114, 89, 84, 64, 56, 58, 68, 110, 148, 151, 149, 157, 158, 163, 172, 184, 187, 188, 192, 194, 197, 197, 196, 195, 196, 197, 197, 172, 161, 194, 197, 149, 60, 53, 55, 53, 57, 61, 54, 53, 57, 55, 66, 
176, 187, 193, 193, 189, 173, 172, 122, 52, 47, 63, 59, 48, 49, 49, 49, 51, 49, 50, 51, 53, 51, 51, 56, 99, 165, 168, 71, 49, 97, 101, 102, 90, 72, 66, 65, 66, 68, 70, 67, 72, 76, 77, 74, 75, 77, 77, 69, 58, 53, 60, 62, 49, 113, 170, 174, 176, 181, 184, 176, 167, 158, 138, 96, 71, 95, 109, 112, 107, 100, 90, 76, 68, 64, 65, 66, 72, 98, 120, 110, 77, 54, 60, 60, 111, 170, 173, 170, 175, 178, 178, 179, 185, 188, 190, 192, 193, 193, 195, 193, 193, 195, 195, 194, 192, 192, 196, 196, 113, 50, 53, 54, 54, 60, 59, 56, 58, 60, 58, 66, 
122, 158, 183, 185, 182, 168, 163, 147, 86, 61, 65, 69, 52, 47, 50, 48, 48, 49, 52, 51, 51, 47, 56, 114, 174, 187, 149, 61, 63, 117, 98, 121, 162, 145, 105, 75, 66, 66, 68, 69, 72, 74, 77, 76, 75, 72, 66, 49, 48, 57, 59, 46, 43, 109, 168, 168, 161, 166, 173, 175, 176, 178, 172, 123, 66, 86, 111, 110, 103, 89, 69, 62, 66, 66, 66, 69, 69, 72, 102, 128, 108, 62, 57, 56, 90, 173, 186, 185, 186, 188, 188, 186, 187, 189, 190, 190, 192, 191, 192, 192, 192, 192, 191, 192, 194, 193, 196, 184, 86, 50, 53, 54, 56, 56, 55, 57, 59, 62, 59, 74, 
92, 117, 136, 136, 131, 126, 120, 121, 117, 110, 108, 103, 90, 64, 49, 49, 49, 48, 49, 49, 52, 72, 126, 179, 191, 183, 115, 57, 82, 132, 90, 107, 165, 187, 181, 153, 111, 78, 72, 79, 80, 73, 67, 63, 60, 60, 60, 49, 58, 62, 57, 44, 47, 119, 173, 164, 151, 136, 146, 170, 185, 190, 189, 143, 66, 73, 100, 98, 96, 79, 67, 66, 66, 66, 69, 71, 71, 75, 88, 104, 125, 103, 62, 60, 67, 148, 193, 191, 193, 193, 193, 191, 191, 189, 188, 188, 189, 190, 191, 191, 191, 191, 191, 191, 191, 191, 194, 165, 68, 51, 54, 54, 57, 55, 63, 63, 63, 62, 63, 75, 
123, 115, 114, 117, 117, 114, 111, 112, 114, 112, 108, 107, 105, 103, 87, 63, 49, 49, 55, 68, 97, 150, 179, 179, 175, 167, 94, 61, 96, 133, 91, 96, 148, 179, 185, 180, 160, 117, 90, 120, 137, 87, 48, 45, 50, 61, 68, 66, 64, 60, 49, 43, 48, 126, 177, 156, 140, 114, 126, 167, 189, 196, 195, 138, 55, 54, 65, 81, 93, 77, 66, 65, 66, 66, 69, 71, 73, 82, 91, 91, 99, 126, 104, 68, 60, 106, 188, 195, 195, 195, 195, 194, 192, 191, 189, 187, 186, 187, 190, 191, 191, 191, 191, 191, 191, 190, 195, 149, 60, 54, 59, 60, 58, 61, 66, 65, 68, 64, 66, 73, 
123, 115, 116, 118, 118, 115, 113, 109, 114, 112, 106, 105, 100, 98, 107, 106, 89, 101, 133, 150, 163, 166, 155, 132, 123, 121, 84, 71, 102, 115, 91, 88, 125, 168, 184, 182, 167, 141, 107, 120, 142, 120, 61, 45, 47, 60, 78, 77, 66, 54, 46, 43, 52, 135, 177, 138, 113, 100, 119, 162, 185, 196, 184, 105, 45, 44, 49, 82, 91, 79, 76, 68, 66, 72, 73, 74, 78, 88, 91, 92, 92, 101, 122, 105, 70, 72, 152, 197, 197, 196, 196, 196, 194, 192, 191, 189, 187, 189, 191, 193, 193, 192, 192, 192, 191, 191, 196, 138, 60, 59, 66, 65, 64, 68, 72, 66, 68, 60, 65, 72, 
122, 118, 115, 115, 119, 116, 115, 112, 110, 110, 108, 110, 113, 111, 108, 102, 107, 139, 184, 191, 176, 143, 111, 87, 82, 80, 80, 83, 91, 93, 90, 86, 117, 158, 173, 179, 167, 140, 113, 108, 121, 126, 82, 49, 45, 58, 85, 90, 57, 45, 44, 42, 65, 155, 165, 108, 84, 87, 101, 141, 176, 178, 129, 58, 43, 44, 54, 90, 84, 72, 83, 77, 71, 74, 73, 74, 80, 88, 90, 92, 94, 91, 96, 123, 112, 68, 96, 181, 199, 197, 196, 196, 195, 195, 195, 193, 191, 191, 192, 194, 196, 195, 195, 193, 193, 194, 194, 126, 57, 63, 68, 67, 70, 71, 72, 66, 66, 63, 67, 79, 
136, 127, 126, 125, 127, 126, 123, 120, 118, 120, 120, 122, 123, 123, 122, 114, 108, 110, 147, 183, 168, 135, 107, 92, 91, 91, 98, 101, 97, 100, 108, 111, 143, 167, 173, 172, 156, 137, 114, 112, 118, 119, 100, 70, 60, 74, 91, 103, 68, 55, 54, 59, 112, 175, 145, 94, 88, 95, 102, 126, 143, 120, 77, 54, 52, 51, 77, 105, 89, 78, 84, 91, 85, 83, 84, 84, 90, 96, 99, 100, 101, 98, 104, 121, 135, 113, 81, 143, 201, 201, 200, 199, 199, 199, 199, 199, 197, 197, 197, 199, 200, 200, 200, 199, 198, 199, 194, 120, 73, 81, 84, 86, 84, 80, 83, 82, 84, 84, 82, 93, 
